16500000000,-52.8725645892
16505002501.2506,-52.5893035371
16510005002.5013,-52.397270762
16515007503.7519,-52.1321343171
16520010005.0025,-51.9594646685
16525012506.2531,-51.9483851428
16530015007.5038,-52.0039664392
16535017508.7544,-52.2541211072
16540020010.005,-52.6606002708
16545022511.2556,-53.0166766947
16550025012.5063,-53.4172030603
16555027513.7569,-53.7701650492
16560030015.0075,-54.0756360066
16565032516.2581,-54.292073908
16570035017.5088,-54.3924626236
16575037518.7594,-54.4818871163
16580040020.01,-54.3848036618
16585042521.2606,-54.23004851
16590045022.5113,-54.0250907888
16595047523.7619,-53.792803624
16600050025.0125,-53.4724024098
16605052526.2631,-53.2623623387
16610055027.5138,-53.1143378744
16615057528.7644,-53.1288012278
16620060030.015,-53.2171811611
16625062531.2656,-53.3180678877
16630065032.5163,-53.6023314275
16635067533.7669,-53.8206396749
16640070035.0175,-54.0844716942
16645072536.2681,-54.3705405093
16650075037.5188,-54.4928782279
16655077538.7694,-54.6272419722
16660080040.02,-54.6112862027
16665082541.2706,-54.496628175
16670085042.5213,-54.4585866154
16675087543.7719,-54.3058483032
16680090045.0225,-54.1006462091
16685092546.2731,-53.8234999459
16690095047.5238,-53.5558525617
16695097548.7744,-53.2645211907
16700100050.025,-53.0628890154
16705102551.2756,-52.9918186568
16710105052.5263,-53.0324754288
16715107553.7769,-53.1418144229
16720110055.0275,-53.4167028333
16725112556.2781,-53.7573103082
16730115057.5288,-54.0151583356
16735117558.7794,-54.3919021905
16740120060.03,-54.6106321016
16745122561.2806,-54.8026649916
16750125062.5313,-54.8884674653
16755127563.7819,-54.9128321277
16760130065.0325,-54.6822387662
16765132566.2831,-54.456492389
16770135067.5338,-54.235803768
16775137568.7844,-53.8315212153
16780140070.035,-53.4134480903
16785142571.2856,-53.1761925514
16790145072.5363,-52.8389218558
16795147573.7869,-52.7673497938
16800150075.0375,-52.8111138183
16805152576.2881,-53.0660054059
16810155077.5388,-53.3491255945
16815157578.7894,-53.630253068
16820160080.04,-54.0198599422
16825162581.2906,-54.2145934045
16830165082.5413,-54.3637404369
16835167583.7919,-54.4574042959
16840170085.0425,-54.418834764
16845172586.2931,-54.4211250127
16850175087.5438,-54.2016940014
16855177588.7944,-54.0041058246
16860180090.045,-53.7142084108
16865182591.2956,-53.4431157177
16870185092.5463,-53.1895126401
16875187593.7969,-52.8432286152
16880190095.0475,-52.6881816099
16885192596.2981,-52.55360005
16890195097.5488,-52.5823086481
16895197598.7994,-52.6834814133
16900200100.05,-52.8759246198
16905202601.3007,-53.1017669365
16910205102.5513,-53.3030785806
16915207603.8019,-53.5451269264
16920210105.0525,-53.7547755605
16925212606.3032,-53.821790843
16930215107.5538,-53.9114206028
16935217608.8044,-53.9320236912
16940220110.055,-53.8761833445
16945222611.3057,-53.7275255456
16950225112.5563,-53.6361337503
16955227613.8069,-53.4309261371
16960230115.0575,-53.2486541404
16965232616.3082,-53.1234586832
16970235117.5588,-52.9882801015
16975237618.8094,-52.8330756539
16980240120.06,-52.9202417441
16985242621.3107,-53.0027782873
16990245122.5613,-53.2476355332
16995247623.8119,-53.5363736185
17000250125.0625,-53.8212516135
17005252626.3132,-54.008437001
17010255127.5638,-54.2596355915
17015257628.8144,-54.3835378523
17020260130.065,-54.4307941256
17025262631.3157,-54.4561267133
17030265132.5663,-54.4612949394
17035267633.8169,-54.2991980976
17040270135.0675,-54.2138098767
17045272636.3182,-53.9904149776
17050275137.5688,-53.7299587652
17055277638.8194,-53.5498983986
17060280140.07,-53.3483958294
17065282641.3207,-53.2616375782
17070285142.5713,-53.2110001727
17075287643.8219,-53.2395769626
17080290145.0725,-53.510793315
17085292646.3232,-53.6677555059
17090295147.5738,-53.9673122804
17095297648.8244,-54.1559754641
17100300150.075,-53.9004737319
17105302651.3257,-54.0761853021
17110305152.5763,-54.0528694673
17115307653.8269,-54.0858543421
17120310155.0775,-54.0399352468
17125312656.3282,-53.9160511512
17130315157.5788,-53.8486801895
17135317658.8294,-53.6573163055
17140320160.08,-53.4810474151
17145322661.3307,-53.3644874219
17150325162.5813,-53.2267005943
17155327663.8319,-53.1986579307
17160330165.0825,-53.1696001181
17165332666.3332,-53.303077705
17170335167.5838,-53.5192535132
17175337668.8344,-53.8140680984
17180340170.085,-54.0918763462
17185342671.3357,-54.4523334478
17190345172.5863,-54.7386622246
17195347673.8369,-54.9640650141
17200350175.0875,-55.138979284
17205352676.3382,-55.2816560997
17210355177.5888,-55.257840875
17215357678.8394,-55.2574356938
17220360180.09,-55.0755162484
17225362681.3407,-55.0392831913
17230365182.5913,-54.9645204453
17235367683.8419,-54.7356561264
17240370185.0925,-54.692218607
17245372686.3432,-54.6967902179
17250375187.5938,-54.8083427878
17255377688.8444,-54.9423697651
17260380190.095,-55.2036278217
17265382691.3457,-55.3537214838
17270385192.5963,-55.7402117641
17275387693.8469,-55.9764559592
17280390195.0975,-56.2709225059
17285392696.3482,-56.4611390382
17290395197.5988,-56.588770303
17295397698.8494,-56.6291303353
17300400200.1001,-56.7078707017
17305402701.3507,-56.6420167406
17310405202.6013,-56.4905410479
17315407703.8519,-56.3730794662
17320410205.1026,-56.3025312776
17325412706.3532,-56.1560510275
17330415207.6038,-56.157469525
17335417708.8544,-56.0237100356
17340420210.1051,-56.0372175719
17345422711.3557,-56.0956752255
17350425212.6063,-56.1037646492
17355427713.8569,-56.2640644607
17360430215.1076,-56.3471110124
17365432716.3582,-56.5064074333
17370435217.6088,-56.5920925088
17375437718.8594,-56.6919433225
17380440220.1101,-56.7465088537
17385442721.3607,-56.7859056755
17390445222.6113,-56.7456128255
17395447723.8619,-56.6817777521
17400450225.1126,-56.5634730421
17405452726.3632,-56.4684017325
17410455227.6138,-56.3193882342
17415457728.8644,-56.1326897571
17420460230.1151,-56.1244896567
17425462731.3657,-56.0143145889
17430465232.6163,-56.0346253194
17435467733.8669,-56.0960878831
17440470235.1176,-56.0852025979
17445472736.3682,-56.1325513015
17450475237.6188,-56.2793632386
17455477738.8694,-56.3526664028
17460480240.1201,-56.4504565254
17465482741.3707,-56.4925510556
17470485242.6213,-56.4471114375
17475487743.8719,-56.4423573668
17480490245.1226,-56.3384040525
17485492746.3732,-56.2150712319
17490495247.6238,-56.0737403282
17495497748.8744,-55.9934292972
17500500250.1251,-55.8514021608
17505502751.3757,-55.6723018884
17510505252.6263,-55.569362446
17515507753.8769,-55.4176869484
17520510255.1276,-55.3888470667
17525512756.3782,-55.3393902384
17530515257.6288,-55.3161183977
17535517758.8794,-55.3914536431
17540520260.1301,-55.3303331784
17545522761.3807,-55.4082225525
17550525262.6313,-55.4163208044
17555527763.8819,-55.3785462139
17560530265.1326,-55.3709556306
17565532766.3832,-55.283647223
17570535267.6338,-55.2077550637
17575537768.8844,-55.1503691178
17580540270.1351,-55.0497695328
17585542771.3857,-54.9479504382
17590545272.6363,-54.8457873597
17595547773.8869,-54.8638951327
17600550275.1376,-54.7307236877
17605552776.3882,-54.6442622513
17610555277.6388,-54.7093056166
17615557778.8894,-54.5644763273
17620560280.1401,-54.6553387932
17625562781.3907,-54.6852172214
17630565282.6413,-54.6907968553
17635567783.8919,-54.701190033
17640570285.1426,-54.7671528998
17645572786.3932,-54.7288077936
17650575287.6438,-54.7746976096
17655577788.8944,-54.8396935962
17660580290.1451,-54.9196326911
17665582791.3957,-54.9286590624
17670585292.6463,-54.9256297624
17675587793.897,-54.8780863247
17680590295.1476,-54.876645765
17685592796.3982,-54.9075375188
17690595297.6488,-54.8426635749
17695597798.8994,-54.8067426517
17700600300.1501,-54.7612883055
17705602801.4007,-54.8151052473
17710605302.6513,-54.7891954267
17715607803.902,-54.8752438527
17720610305.1526,-54.9863312884
17725612806.4032,-55.0384031274
17730615307.6538,-55.2179022374
17735617808.9045,-55.2452565305
17740620310.1551,-55.3985934197
17745622811.4057,-55.4426874969
17750625312.6563,-55.522915086
17755627813.907,-55.6668509819
17760630315.1576,-55.7809168928
17765632816.4082,-55.82105165
17770635317.6588,-55.9435259635
17775637818.9095,-55.9996728486
17780640320.1601,-56.0773514017
17785642821.4107,-56.0733350525
17790645322.6613,-56.1711460317
17795647823.912,-56.175621256
17800650325.1626,-56.2566705168
17805652826.4132,-56.2861264133
17810655327.6638,-56.3785658914
17815657828.9145,-56.4199252137
17820660330.1651,-56.5928795979
17825662831.4157,-56.7655310785
17830665332.6663,-56.9211818435
17835667833.917,-57.1339193206
17840670335.1676,-57.3710262625
17845672836.4182,-57.5373413741
17850675337.6688,-57.7297915246
17855677838.9195,-57.8903819534
17860680340.1701,-57.9670369149
17865682841.4207,-58.0128833436
17870685342.6713,-58.1152762767
17875687843.922,-58.1355327408
17880690345.1726,-58.1673272321
17885692846.4232,-58.1676106707
17890695347.6738,-58.0651169616
17895697848.9245,-58.1613406413
17900700350.1751,-58.0818940713
17905702851.4257,-58.1302502278
17910705352.6763,-58.2391954005
17915707853.927,-58.3883397879
17920710355.1776,-58.4638240252
17925712856.4282,-58.5603356902
17930715357.6788,-58.7494678273
17935717858.9295,-58.8462863676
17940720360.1801,-58.9857984216
17945722861.4307,-59.045434027
17950725362.6813,-59.0795449059
17955727863.932,-59.1421600865
17960730365.1826,-59.2110371027
17965732866.4332,-59.2271733745
17970735367.6838,-59.2598544286
17975737868.9345,-59.2662817877
17980740370.1851,-59.2117304904
17985742871.4357,-59.2009613498
17990745372.6863,-59.1317860337
17995747873.937,-59.0668613013
18000750375.1876,-59.0154536849
18005752876.4382,-59.0523407989
18010755377.6888,-59.0935553231
18015757878.9395,-58.9313568602
18020760380.1901,-59.0909753885
18025762881.4407,-59.0197009939
18030765382.6913,-59.0558867624
18035767883.942,-58.9643587891
18040770385.1926,-59.0490857253
18045772886.4432,-59.0456838923
18050775387.6938,-58.9861020369
18055777888.9445,-59.0126299154
18060780390.1951,-58.8672983257
18065782891.4457,-58.8137837667
18070785392.6964,-58.6470290641
18075787893.947,-58.5284725137
18080790395.1976,-58.3501268961
18085792896.4482,-58.215502963
18090795397.6988,-58.0568849907
18095797898.9495,-57.9051471687
18100800400.2001,-57.7905270956
18105802901.4507,-57.7183717748
18110805402.7014,-57.5632827839
18115807903.952,-57.5032520254
18120810405.2026,-57.362313459
18125812906.4532,-57.4053629802
18130815407.7039,-57.2699767638
18135817908.9545,-57.2213466521
18140820410.2051,-57.1658908836
18145822911.4557,-57.0086432886
18150825412.7064,-56.8549746012
18155827913.957,-56.7957503683
18160830415.2076,-56.6064193025
18165832916.4582,-56.4658037133
18170835417.7089,-56.417834876
18175837918.9595,-56.3501449156
18180840420.2101,-56.1875503781
18185842921.4607,-56.1102763737
18190845422.7114,-55.9960094797
18195847923.962,-55.9173155833
18200850425.2126,-55.8121322408
18205852926.4632,-55.7216194247
18210855427.7139,-55.7551937285
18215857928.9645,-55.7740375004
18220860430.2151,-55.7205902523
18225862931.4657,-55.7482480771
18230865432.7164,-55.6469711438
18235867933.967,-55.5997967321
18240870435.2176,-55.5733550099
18245872936.4682,-55.5577158976
18250875437.7189,-55.489943249
18255877938.9695,-55.3323726367
18260880440.2201,-55.2869866581
18265882941.4707,-55.2026679888
18270885442.7214,-55.1734961142
18275887943.972,-55.1699046178
18280890445.2226,-55.2200646137
18285892946.4732,-55.2732482482
18290895447.7239,-55.3410806683
18295897948.9745,-55.4284275073
18300900450.2251,-55.6317873179
18305902951.4757,-55.7708188375
18310905452.7264,-55.9586230158
18315907953.977,-56.0815024277
18320910455.2276,-56.3158078994
18325912956.4782,-56.3243619633
18330915457.7289,-56.395158027
18335917958.9795,-56.4780297053
18340920460.2301,-56.5540281858
18345922961.4807,-56.5348369356
18350925462.7314,-56.4979499719
18355927963.982,-56.5094484591
18360930465.2326,-56.6747153546
18365932966.4832,-56.7807497657
18370935467.7339,-57.0181175597
18375937968.9845,-57.1241045323
18380940470.2351,-57.3525933041
18385942971.4857,-57.5846044456
18390945472.7364,-57.7627979937
18395947973.987,-57.9407718624
18400950475.2376,-58.1428991086
18405952976.4882,-58.2960199551
18410955477.7389,-58.3486556441
18415957978.9895,-58.4477662629
18420960480.2401,-58.5380142423
18425962981.4907,-58.5160144897
18430965482.7414,-58.6002980719
18435967983.992,-58.6616335852
18440970485.2426,-58.6709032462
18445972986.4932,-58.6765728652
18450975487.7439,-58.7614519671
18455977988.9945,-58.6844686185
18460980490.2451,-58.7657394528
18465982991.4957,-58.7823646565
18470985492.7464,-58.9363443858
18475987993.997,-58.9453592023
18480990495.2476,-59.0768823063
18485992996.4982,-59.2255699101
18490995497.7489,-59.2563169193
18495997998.9995,-59.4452908827
18501000500.2501,-59.5289891713
18506003001.5008,-59.650468327
18511005502.7514,-59.6575831261
18516008004.002,-59.7876355749
18521010505.2526,-59.7766239786
18526013006.5033,-59.8083031204
18531015507.7539,-59.8204098346
18536018009.0045,-59.7535294712
18541020510.2551,-59.7830369865
18546023011.5058,-59.691363192
18551025512.7564,-59.6534141496
18556028014.007,-59.6624576456
18561030515.2576,-59.6692964345
18566033016.5083,-59.6572455901
18571035517.7589,-59.6975223597
18576038019.0095,-59.6873204389
18581040520.2601,-59.7194935644
18586043021.5108,-59.7895868495
18591045522.7614,-59.8219659036
18596048024.012,-59.9471256526
18601050525.2626,-59.8906389004
18606053026.5133,-59.8626834026
18611055527.7639,-59.8670476838
18616058029.0145,-59.8891237447
18621060530.2651,-59.8155857178
18626063031.5158,-59.7651764567
18631065532.7664,-59.6938215941
18636068034.017,-59.6231047809
18641070535.2676,-59.576361878
18646073036.5183,-59.5016743241
18651075537.7689,-59.44097386
18656078039.0195,-59.404270286
18661080540.2701,-59.2959129534
18666083041.5208,-59.3558402554
18671085542.7714,-59.3026565352
18676088044.022,-59.2583139499
18681090545.2726,-59.3202713547
18686093046.5233,-59.296439103
18691095547.7739,-59.2962199053
18696098049.0245,-59.1529265056
18701100550.2751,-59.1752527775
18706103051.5258,-59.1386559376
18711105552.7764,-58.9306040383
18716108054.027,-58.8874671402
18721110555.2776,-58.7933514037
18726113056.5283,-58.602625589
18731115557.7789,-58.5153212991
18736118059.0295,-58.441212193
18741120560.2801,-58.3156348803
18746123061.5308,-58.2383246739
18751125562.7814,-58.2883114063
18756128064.032,-58.2368138495
18761130565.2826,-58.1883358654
18766133066.5333,-58.1721119138
18771135567.7839,-58.1663222505
18776138069.0345,-58.1164342168
18781140570.2851,-58.0625582138
18786143071.5358,-57.9773182754
18791145572.7864,-57.9072471402
18796148074.037,-57.8686045434
18801150575.2876,-57.7551213507
18806153076.5383,-57.7157670445
18811155577.7889,-57.5849220643
18816158079.0395,-57.586522874
18821160580.2901,-57.5153758621
18826163081.5408,-57.4981453399
18831165582.7914,-57.4262057668
18836168084.042,-57.3840120305
18841170585.2926,-57.493014892
18846173086.5433,-57.4213212781
18851175587.7939,-57.3882565536
18856178089.0445,-57.3652468252
18861180590.2951,-57.4221113803
18866183091.5458,-57.3838458587
18871185592.7964,-57.3992417707
18876188094.047,-57.3865925572
18881190595.2976,-57.3606604892
18886193096.5483,-57.3979248985
18891195597.7989,-57.4186264936
18896198099.0495,-57.3780405636
18901200600.3001,-57.4424084851
18906203101.5508,-57.3779046813
18911205602.8014,-57.3706765143
18916208104.052,-57.3812159068
18921210605.3027,-57.3792305681
18926213106.5533,-57.3303537924
18931215607.8039,-57.3827397032
18936218109.0545,-57.5093755543
18941220610.3052,-57.5861257916
18946223111.5558,-57.7037621108
18951225612.8064,-57.7820449018
18956228114.057,-57.9741285518
18961230615.3077,-58.0114078983
18966233116.5583,-58.0937743389
18971235617.8089,-58.2512855177
18976238119.0595,-58.2869589878
18981240620.3102,-58.2948196273
18986243121.5608,-58.322325962
18991245622.8114,-58.3397224231
18996248124.062,-58.3710389924
19001250625.3127,-58.3637602671
19006253126.5633,-58.458732427
19011255627.8139,-58.5153816054
19016258129.0645,-58.6456202726
19021260630.3152,-58.6028933976
19026263131.5658,-58.7437733036
19031265632.8164,-58.7997088868
19036268134.067,-58.8546043988
19041270635.3177,-59.0471814337
19046273136.5683,-59.1275304513
19051275637.8189,-59.267241779
19056278139.0695,-59.3436084987
19061280640.3202,-59.4498919785
19066283141.5708,-59.4833332106
19071285642.8214,-59.5705970251
19076288144.072,-59.5538523079
19081290645.3227,-59.6596572603
19086293146.5733,-59.6837296539
19091295647.8239,-59.757458132
19096298149.0745,-59.74232728
19101300650.3252,-59.8000213472
19106303151.5758,-59.7133147409
19111305652.8264,-59.7440888594
19116308154.077,-59.7268035629
19121310655.3277,-59.7133566789
19126313156.5783,-59.6514076121
19131315657.8289,-59.7174705886
19136318159.0795,-59.6726072718
19141320660.3302,-59.6317563611
19146323161.5808,-59.6967353054
19151325662.8314,-59.6667295568
19156328164.082,-59.7003143783
19161330665.3327,-59.7012521957
19166333166.5833,-59.7315199083
19171335667.8339,-59.7829744974
19176338169.0845,-59.7788989173
19181340670.3352,-59.8372034653
19186343171.5858,-59.853005362
19191345672.8364,-59.8888082072
19196348174.087,-59.918720246
19201350675.3377,-59.952391863
19206353176.5883,-60.0132360483
19211355677.8389,-60.0202124317
19216358179.0895,-60.0261375673
19221360680.3402,-60.0677601245
19226363181.5908,-60.0383010698
19231365682.8414,-59.9843318991
19236368184.092,-59.9348595297
19241370685.3427,-59.8813669576
19246373186.5933,-59.8341372878
19251375687.8439,-59.857205909
19256378189.0945,-59.8211344284
19261380690.3452,-59.8505543254
19266383191.5958,-59.8936748154
19271385692.8464,-59.9934463261
19276388194.0971,-60.0454328853
19281390695.3477,-60.0790493397
19286393196.5983,-60.1435891386
19291395697.8489,-60.0396623991
19296398199.0995,-60.0227992775
19301400700.3502,-59.9603709559
19306403201.6008,-59.8890279798
19311405702.8514,-59.7344017275
19316408204.1021,-59.6556273065
19321410705.3527,-59.6022422516
19326413206.6033,-59.5710902535
19331415707.8539,-59.5126349443
19336418209.1046,-59.5620366493
19341420710.3552,-59.5695452234
19346423211.6058,-59.6382584066
19351425712.8564,-59.6903853221
19356428214.1071,-59.6605677119
19361430715.3577,-59.768710309
19366433216.6083,-59.8124988325
19371435717.8589,-59.8853335013
19376438219.1096,-59.8806650288
19381440720.3602,-59.8827879648
19386443221.6108,-59.8426688622
19391445722.8614,-59.7802215384
19396448224.1121,-59.7994982977
19401450725.3627,-59.8376485172
19406453226.6133,-59.7613066447
19411455727.8639,-59.8064081427
19416458229.1146,-59.7348316891
19421460730.3652,-59.769688814
19426463231.6158,-59.7943881663
19431465732.8664,-59.8110040925
19436468234.1171,-59.7382770268
19441470735.3677,-59.7755737549
19446473236.6183,-59.7833738875
19451475737.8689,-59.7704837492
19456478239.1196,-59.7281242749
19461480740.3702,-59.6258547736
19466483241.6208,-59.5939151703
19471485742.8714,-59.5359637856
19476488244.1221,-59.4056702705
19481490745.3727,-59.4145158313
19486493246.6233,-59.264089526
19491495747.8739,-59.2218552539
19496498249.1246,-59.1944538729
19501500750.3752,-59.1402313473
19506503251.6258,-59.1061554595
19511505752.8764,-59.1005663567
19516508254.1271,-59.1006262795
19521510755.3777,-59.0419963004
19526513256.6283,-59.0365820901
19531515757.8789,-59.0995092122
19536518259.1296,-59.1064311532
19541520760.3802,-59.070438078
19546523261.6308,-59.0377528242
19551525762.8814,-59.0341762846
19556528264.1321,-59.0238696685
19561530765.3827,-58.9563891476
19566533266.6333,-58.9069780459
19571535767.8839,-58.829141517
19576538269.1346,-58.7540509374
19581540770.3852,-58.7192412019
19586543271.6358,-58.667158335
19591545772.8864,-58.5895337725
19596548274.1371,-58.4924309613
19601550775.3877,-58.4134683251
19606553276.6383,-58.3861487276
19611555777.8889,-58.2114044055
19616558279.1396,-58.1960329574
19621560780.3902,-58.2273482675
19626563281.6408,-58.1306061432
19631565782.8914,-58.1892476925
19636568284.1421,-58.2167832845
19641570785.3927,-58.2970243253
19646573286.6433,-58.3677782473
19651575787.8939,-58.4130826149
19656578289.1446,-58.4926856708
19661580790.3952,-58.5286531544
19666583291.6458,-58.5631964077
19671585792.8964,-58.596220445
19676588294.1471,-58.4998503445
19681590795.3977,-58.5425346264
19686593296.6483,-58.4811196175
19691595797.8989,-58.3910739203
19696598299.1496,-58.2044451056
19701600800.4002,-58.1669139033
19706603301.6508,-58.1348880798
19711605802.9015,-58.0580606421
19716608304.1521,-58.1570090215
19721610805.4027,-58.1995843168
19726613306.6533,-58.3079981131
19731615807.904,-58.5603713296
19736618309.1546,-58.6678390025
19741620810.4052,-58.7809359381
19746623311.6558,-58.86175471
19751625812.9065,-58.908708686
19756628314.1571,-58.9550643371
19761630815.4077,-58.9160240723
19766633316.6583,-58.804255755
19771635817.909,-58.6739706548
19776638319.1596,-58.5507153486
19781640820.4102,-58.4496917617
19786643321.6608,-58.3769603144
19791645822.9115,-58.3844957645
19796648324.1621,-58.3981245856
19801650825.4127,-58.4342601521
19806653326.6633,-58.5799973629
19811655827.914,-58.7016774138
19816658329.1646,-58.8318781289
19821660830.4152,-58.9721918435
19826663331.6658,-59.0798187863
19831665832.9165,-59.228212549
19836668334.1671,-59.2390657652
19841670835.4177,-59.2528272277
19846673336.6683,-59.2549793914
19851675837.919,-59.2715843842
19856678339.1696,-59.1996042033
19861680840.4202,-59.1182719557
19866683341.6708,-59.1126460785
19871685842.9215,-59.1454786842
19876688344.1721,-59.2268931493
19881690845.4227,-59.269685238
19886693346.6733,-59.427262257
19891695847.924,-59.5742422921
19896698349.1746,-59.7898474548
19901700850.4252,-60.0137066266
19906703351.6758,-60.2020330443
19911705852.9265,-60.3920196646
19916708354.1771,-60.4744937316
19921710855.4277,-60.60170526
19926713356.6783,-60.6881609652
19931715857.929,-60.6309934493
19936718359.1796,-60.6500444696
19941720860.4302,-60.6207693318
19946723361.6808,-60.5503064165
19951725862.9315,-60.4241777789
19956728364.1821,-60.2923125546
19961730865.4327,-60.2162724385
19966733366.6833,-60.2554416457
19971735867.934,-60.2503741472
19976738369.1846,-60.2620833989
19981740870.4352,-60.3963133003
19986743371.6858,-60.4463123225
19991745872.9365,-60.6056351845
19996748374.1871,-60.6964202462
20001750875.4377,-60.8197999074
20006753376.6883,-60.8901863445
20011755877.939,-60.930670175
20016758379.1896,-60.955485606
20021760880.4402,-60.97005738
20026763381.6908,-60.9085061533
20031765882.9415,-60.7294945645
20036768384.1921,-60.6911405709
20041770885.4427,-60.5013182824
20046773386.6933,-60.4599423761
20051775887.944,-60.3328962428
20056778389.1946,-60.2225993484
20061780890.4452,-60.178491253
20066783391.6958,-60.1941992231
20071785892.9465,-60.13231268
20076788394.1971,-60.1456546268
20081790895.4477,-60.2196550633
20086793396.6983,-60.2587343321
20091795897.949,-60.3328067477
20096798399.1996,-60.3544722153
20101800900.4502,-60.3517043605
20106803401.7009,-60.3545599812
20111805902.9515,-60.3164840129
20116808404.2021,-60.283881556
20121810905.4527,-60.1385097964
20126813406.7034,-60.0735375107
20131815907.954,-59.9315141773
20136818409.2046,-59.7009840754
20141820910.4552,-59.447157599
20146823411.7059,-59.2292291514
20151825912.9565,-59.0058724828
20156828414.2071,-58.8348082126
20161830915.4577,-58.6953517243
20166833416.7084,-58.6879571075
20171835917.959,-58.629069549
20176838419.2096,-58.6719903486
20181840920.4602,-58.684510715
20186843421.7109,-58.7099188081
20191845922.9615,-58.7314926432
20196848424.2121,-58.8079505143
20201850925.4627,-58.8709955663
20206853426.7134,-58.8646376757
20211855927.964,-58.7861941314
20216858429.2146,-58.7061222333
20221860930.4652,-58.579967214
20226863431.7159,-58.4909782776
20231865932.9665,-58.2574143921
20236868434.2171,-58.1525246994
20241870935.4677,-58.0656733519
20246873436.7184,-57.9979967925
20251875937.969,-57.9847075204
20256878439.2196,-58.0925608677
20261880940.4702,-58.2179513282
20266883441.7209,-58.326690184
20271885942.9715,-58.4563561436
20276888444.2221,-58.4996818285
20281890945.4727,-58.4084627314
20286893446.7234,-58.4155619305
20291895947.974,-58.1931275816
20296898449.2246,-58.0324927057
20301900950.4752,-57.7896834031
20306903451.7259,-57.6447757378
20311905952.9765,-57.342713979
20316908454.2271,-57.1968190186
20321910955.4777,-56.9474025845
20326913456.7284,-56.8016892823
20331915957.979,-56.6447680273
20336918459.2296,-56.5848428117
20341920960.4802,-56.5533164311
20346923461.7309,-56.6890176674
20351925962.9815,-56.8176002168
20356928464.2321,-57.0047358214
20361930965.4827,-57.2594346503
20366933466.7334,-57.4713697011
20371935967.984,-57.8092623719
20376938469.2346,-57.8623528681
20381940970.4852,-58.0626968427
20386943471.7359,-58.1048373273
20391945972.9865,-58.1578072839
20396948474.2371,-58.1434903429
20401950975.4877,-58.1471290248
20406953476.7384,-58.0500159521
20411955977.989,-57.988643131
20416958479.2396,-57.9630855815
20421960980.4902,-57.9148069375
20426963481.7409,-57.9587407056
20431965982.9915,-58.0662763344
20436968484.2421,-58.1898314731
20441970985.4927,-58.3418078527
20446973486.7434,-58.4960554091
20451975987.994,-58.6963508146
20456978489.2446,-58.8849643523
20461980990.4952,-59.0656312167
20466983491.7459,-59.2177144074
20471985992.9965,-59.3073626462
20476988494.2471,-59.3279150812
20481990995.4977,-59.4034131833
20486993496.7484,-59.3782026222
20491995997.999,-59.3711462313
20496998499.2496,-59.2917052189
20502001000.5003,-59.2503014964
20507003501.7509,-59.2361258528
20512006003.0015,-59.1257350774
20517008504.2521,-59.2159299886
20522011005.5028,-59.2401024754
20527013506.7534,-59.3624055845
20532016008.004,-59.5790857243
20537018509.2546,-59.7986667675
20542021010.5053,-59.9255766872
20547023511.7559,-60.1377535914
20552026013.0065,-60.3104178136
20557028514.2571,-60.3666065022
20562031015.5078,-60.505788417
20567033516.7584,-60.5123738893
20572036018.009,-60.5181592837
20577038519.2596,-60.4802485858
20582041020.5103,-60.4192165713
20587043521.7609,-60.3850960242
20592046023.0115,-60.1914363844
20597048524.2621,-60.2474047118
20602051025.5128,-60.0944275881
20607053526.7634,-60.0264785132
20612056028.014,-60.0549382169
20617058529.2646,-60.0598871726
20622061030.5153,-60.1125038506
20627063531.7659,-60.0753388857
20632066033.0165,-60.1042353035
20637068534.2671,-60.1407609039
20642071035.5178,-60.1899790321
20647073536.7684,-60.1751505298
20652076038.019,-60.09753129
20657078539.2696,-60.0525548264
20662081040.5203,-60.0599283394
20667083541.7709,-59.9563594513
20672086043.0215,-59.8202260892
20677088544.2721,-59.7406442842
20682091045.5228,-59.6053438846
20687093546.7734,-59.5072808077
20692096048.024,-59.3991605013
20697098549.2746,-59.3380372399
20702101050.5253,-59.1978017999
20707103551.7759,-59.124959213
20712106053.0265,-59.0729617834
20717108554.2771,-58.9916068637
20722111055.5278,-58.9486238782
20727113556.7784,-58.826320905
20732116058.029,-58.8506179601
20737118559.2796,-58.708491258
20742121060.5303,-58.6835770016
20747123561.7809,-58.5871361628
20752126063.0315,-58.5531163218
20757128564.2821,-58.556288403
20762131065.5328,-58.3482654804
20767133566.7834,-58.3073535967
20772136068.034,-58.1187279685
20777138569.2846,-58.0259802689
20782141070.5353,-57.8184682388
20787143571.7859,-57.7514933847
20792146073.0365,-57.5859908541
20797148574.2871,-57.5202365109
20802151075.5378,-57.5124892649
20807153576.7884,-57.4735729701
20812156078.039,-57.4932107063
20817158579.2896,-57.5925815118
20822161080.5403,-57.6552968273
20827163581.7909,-57.6642175666
20832166083.0415,-57.6754890188
20837168584.2921,-57.6923606832
20842171085.5428,-57.513008921
20847173586.7934,-57.4712691549
20852176088.044,-57.2384509164
20857178589.2946,-57.1415924927
20862181090.5453,-57.0430240502
20867183591.7959,-56.932991667
20872186093.0465,-56.7404145508
20877188594.2972,-56.7114061428
20882191095.5478,-56.7034199238
20887193596.7984,-56.6865752376
20892196098.049,-56.6756590515
20897198599.2996,-56.751875312
20902201100.5503,-56.802096564
20907203601.8009,-56.861912484
20912206103.0515,-57.0238298201
20917208604.3022,-57.1132063933
20922211105.5528,-57.3428098515
20927213606.8034,-57.4893485702
20932216108.054,-57.7306636068
20937218609.3047,-57.8738677999
20942221110.5553,-58.0788128349
20947223611.8059,-58.0963451365
20952226113.0565,-57.9545685506
20957228614.3072,-57.6922293347
20962231115.5578,-57.5730247102
20967233616.8084,-57.4946789552
20972236118.059,-57.4325839294
20977238619.3097,-57.4341183512
20982241120.5603,-57.4704563915
20987243621.8109,-57.6334919512
20992246123.0615,-57.7403967874
20997248624.3122,-57.8754265028
21002251125.5628,-58.0131336813
21007253626.8134,-58.1596938279
21012256128.064,-58.3136451213
21017258629.3147,-58.3572376159
21022261130.5653,-58.3454074667
21027263631.8159,-58.3494204466
21032266133.0665,-58.3807096034
21037268634.3172,-58.3061788502
21042271135.5678,-58.2837508803
21047273636.8184,-58.1851760475
21052276138.069,-58.0912463088
21057278639.3197,-58.0451405285
21062281140.5703,-58.1365214046
21067283641.8209,-58.0741042941
21072286143.0715,-58.2069821016
21077288644.3222,-58.2670980726
21082291145.5728,-58.3408687098
21087293646.8234,-58.4061224892
21092296148.074,-58.3797512882
21097298649.3247,-58.4676993041
21102301150.5753,-58.5241810896
21107303651.8259,-58.5131938108
21112306153.0765,-58.5921858869
21117308654.3272,-58.5326880493
21122311155.5778,-58.4846169207
21127313656.8284,-58.495758952
21132316158.079,-58.5132789473
21137318659.3297,-58.5258316465
21142321160.5803,-58.4624288541
21147323661.8309,-58.4751332754
21152326163.0815,-58.413459214
21157328664.3322,-58.364381302
21162331165.5828,-58.3604731406
21167333666.8334,-58.3452625536
21172336168.084,-58.3477270789
21177338669.3347,-58.2460438013
21182341170.5853,-58.2954497949
21187343671.8359,-58.188501011
21192346173.0865,-58.1775782496
21197348674.3372,-58.0834108708
21202351175.5878,-58.0327006577
21207353676.8384,-57.942600711
21212356178.089,-57.8947864939
21217358679.3397,-57.8163122434
21222361180.5903,-57.7637126946
21227363681.8409,-57.5939480898
21232366183.0915,-57.5849617155
21237368684.3422,-57.545990475
21242371185.5928,-57.6163424544
21247373686.8434,-57.6663593664
21252376188.094,-57.6720144458
21257378689.3447,-57.6607705463
21262381190.5953,-57.7165472763
21267383691.8459,-57.8321716824
21272386193.0966,-57.8512972272
21277388694.3472,-57.948092599
21282391195.5978,-58.012782982
21287393696.8484,-58.0705950184
21292396198.099,-58.1731907344
21297398699.3497,-58.203069942
21302401200.6003,-58.2881581239
21307403701.8509,-58.3101014054
21312406203.1016,-58.3338944754
21317408704.3522,-58.3338385883
21322411205.6028,-58.4023050435
21327413706.8534,-58.4803837996
21332416208.1041,-58.3960848507
21337418709.3547,-58.3901688647
21342421210.6053,-58.4169687086
21347423711.8559,-58.3473119542
21352426213.1066,-58.3121090776
21357428714.3572,-58.2995945499
21362431215.6078,-58.2281846579
21367433716.8584,-58.1294953323
21372436218.1091,-58.0588919236
21377438719.3597,-58.0502256531
21382441220.6103,-57.9911258793
21387443721.8609,-57.9038715495
21392446223.1116,-57.951870003
21397448724.3622,-57.9027757556
21402451225.6128,-57.857754479
21407453726.8634,-57.9296709006
21412456228.1141,-57.9328761896
21417458729.3647,-57.8932050143
21422461230.6153,-57.853923114
21427463731.8659,-57.8995845768
21432466233.1166,-57.9082176893
21437468734.3672,-57.9082669357
21442471235.6178,-57.9218591644
21447473736.8684,-57.9976119423
21452476238.1191,-58.0498040633
21457478739.3697,-58.0110983855
21462481240.6203,-58.0058753211
21467483741.8709,-58.0694380606
21472486243.1216,-58.1143593153
21477488744.3722,-58.0215968618
21482491245.6228,-58.0406098581
21487493746.8734,-58.0053782821
21492496248.1241,-57.9283091201
21497498749.3747,-57.8678617825
21502501250.6253,-57.8961134673
21507503751.8759,-57.8306446744
21512506253.1266,-57.8391837749
21517508754.3772,-57.9069632045
21522511255.6278,-58.0383549288
21527513756.8784,-58.1184384032
21532516258.1291,-58.2099865425
21537518759.3797,-58.2865275904
21542521260.6303,-58.3522455415
21547523761.8809,-58.4494634593
21552526263.1316,-58.4414506245
21557528764.3822,-58.3871750462
21562531265.6328,-58.3965259952
21567533766.8834,-58.3347244656
21572536268.1341,-58.3913878787
21577538769.3847,-58.4195976184
21582541270.6353,-58.364897999
21587543771.8859,-58.4242305613
21592546273.1366,-58.461722037
21597548774.3872,-58.604697353
21602551275.6378,-58.6408529135
21607553776.8884,-58.7307147268
21612556278.1391,-58.8381397037
21617558779.3897,-58.9069627744
21622561280.6403,-58.9944671148
21627563781.8909,-59.0326535338
21632566283.1416,-59.0562605871
21637568784.3922,-59.075299412
21642571285.6428,-59.0586717834
21647573786.8934,-59.0300467234
21652576288.1441,-58.9729316479
21657578789.3947,-58.940474006
21662581290.6453,-58.9050316161
21667583791.8959,-58.8065688815
21672586293.1466,-58.7703782423
21677588794.3972,-58.731608106
21682591295.6478,-58.7404710575
21687593796.8984,-58.7303409406
21692596298.1491,-58.7761716655
21697598799.3997,-58.7492098234
21702601300.6503,-58.8017904835
21707603801.901,-58.8509240928
21712606303.1516,-58.9246548563
21717608804.4022,-58.9244935988
21722611305.6528,-58.967087044
21727613806.9035,-58.9792266769
21732616308.1541,-59.0070824952
21737618809.4047,-59.0217315934
21742621310.6553,-59.0337254284
21747623811.906,-58.9384481763
21752626313.1566,-58.9624207911
21757628814.4072,-58.8098286293
21762631315.6578,-58.8374361711
21767633816.9085,-58.766627044
21772636318.1591,-58.8430594279
21777638819.4097,-58.855434129
21782641320.6603,-58.8929082441
21787643821.911,-59.0582578281
21792646323.1616,-59.1205489752
21797648824.4122,-59.1645110117
21802651325.6628,-59.2744495571
21807653826.9135,-59.23050998
21812656328.1641,-59.2606897865
21817658829.4147,-59.2370703393
21822661330.6653,-59.1943865405
21827663831.916,-59.2298657232
21832666333.1666,-59.0971905037
21837668834.4172,-59.0265232447
21842671335.6678,-58.978872187
21847673836.9185,-59.0029518978
21852676338.1691,-59.0116983232
21857678839.4197,-58.9906560986
21862681340.6703,-59.0259079371
21867683841.921,-59.1610270179
21872686343.1716,-59.2103173532
21877688844.4222,-59.2645067102
21882691345.6728,-59.2161335675
21887693846.9235,-59.2525877586
21892696348.1741,-59.3815840728
21897698849.4247,-59.3363769673
21902701350.6753,-59.3050015959
21907703851.926,-59.2461708568
21912706353.1766,-59.2276960529
21917708854.4272,-59.1812257234
21922711355.6778,-59.2400103024
21927713856.9285,-59.278229026
21932716358.1791,-59.3261034375
21937718859.4297,-59.373625642
21942721360.6803,-59.584716045
21947723861.931,-59.5291574885
21952726363.1816,-59.6674464223
21957728864.4322,-59.7958804938
21962731365.6828,-59.9347463563
21967733866.9335,-60.013225134
21972736368.1841,-60.169492151
21977738869.4347,-60.3076655496
21982741370.6853,-60.4383353392
21987743871.936,-60.5498847785
21992746373.1866,-60.6479403816
21997748874.4372,-60.7617881209
22002751375.6878,-60.8081646497
22007753876.9385,-60.8194997064
22012756378.1891,-60.8433272991
22017758879.4397,-60.9741491069
22022761380.6903,-61.0428744818
22027763881.941,-61.1144980994
22032766383.1916,-61.2549310774
22037768884.4422,-61.179152303
22042771385.6928,-61.2057594762
22047773886.9435,-61.1868537554
22052776388.1941,-61.2624355039
22057778889.4447,-61.2437044482
22062781390.6953,-61.3379291837
22067783891.946,-61.268063419
22072786393.1966,-61.3044462797
22077788894.4472,-61.3546178704
22082791395.6978,-61.3446218837
22087793896.9485,-61.2753723382
22092796398.1991,-61.2698093242
22097798899.4497,-61.268663947
22102801400.7003,-61.2772044713
22107803901.951,-61.1984374796
22112806403.2016,-61.1716629418
22117808904.4522,-61.1620585669
22122811405.7029,-61.0732560127
22127813906.9535,-61.0573547046
22132816408.2041,-61.0324062152
22137818909.4547,-61.0037033567
22142821410.7054,-60.9984263253
22147823911.956,-60.9813350511
22152826413.2066,-61.0430713168
22157828914.4572,-61.0462257137
22162831415.7079,-61.0611018655
22167833916.9585,-61.1027202325
22172836418.2091,-61.1209017837
22177838919.4597,-61.0512787567
22182841420.7104,-61.0217119963
22187843921.961,-61.0403190445
22192846423.2116,-60.9987767227
22197848924.4622,-60.8348636469
22202851425.7129,-60.7261466667
22207853926.9635,-60.6348024685
22212856428.2141,-60.4915937512
22217858929.4647,-60.3917459306
22222861430.7154,-60.3047577368
22227863931.966,-60.1094719001
22232866433.2166,-60.1435873298
22237868934.4672,-60.0007549399
22242871435.7179,-60.0955841382
22247873936.9685,-60.0828736746
22252876438.2191,-60.1010247495
22257878939.4697,-60.2104595448
22262881440.7204,-60.1829089974
22267883941.971,-60.1635532666
22272886443.2216,-60.1211802381
22277888944.4722,-60.0682466539
22282891445.7229,-59.9918956582
22287893946.9735,-59.8327930465
22292896448.2241,-59.6376545513
22297898949.4747,-59.4088332007
22302901450.7254,-59.2576781208
22307903951.976,-59.0701891088
22312906453.2266,-58.939666606
22317908954.4772,-58.929450024
22322911455.7279,-58.9172986207
22327913956.9785,-59.0203891838
22332916458.2291,-58.9946862913
22337918959.4797,-59.0825968976
22342921460.7304,-59.2213267953
22347923961.981,-59.2658470381
22352926463.2316,-59.205965524
22357928964.4822,-59.191714321
22362931465.7329,-59.0969647929
22367933966.9835,-58.9256609435
22372936468.2341,-58.7989471165
22377938969.4847,-58.6202690105
22382941470.7354,-58.4150344291
22387943971.986,-58.2413178874
22392946473.2366,-58.1633700785
22397948974.4872,-58.0771327155
22402951475.7379,-58.0654484065
22407953976.9885,-58.1722752994
22412956478.2391,-58.2883368593
22417958979.4897,-58.4835113704
22422961480.7404,-58.6695919212
22427963981.991,-58.7537154037
22432966483.2416,-58.952840168
22437968984.4922,-58.9875099225
22442971485.7429,-58.9692225262
22447973986.9935,-58.9641482189
22452976488.2441,-58.8811593775
22457978989.4947,-58.7617422286
22462981490.7454,-58.7341866505
22467983991.996,-58.5948652522
22472986493.2466,-58.4764459329
22477988994.4973,-58.3456582897
22482991495.7479,-58.3263426969
22487993996.9985,-58.2878961523
22492996498.2491,-58.3382810938
22497998999.4997,-58.4309228342
22503001500.7504,-58.4784148198
22508004002.001,-58.6355223239
22513006503.2516,-58.6309649015
22518009004.5023,-58.7627018191
22523011505.7529,-58.7572963685
22528014007.0035,-58.777354068
22533016508.2541,-58.6995955935
22538019009.5048,-58.6797718697
22543021510.7554,-58.6369900187
22548024012.006,-58.6129428691
22553026513.2566,-58.5186183851
22558029014.5073,-58.3856766265
22563031515.7579,-58.3163512998
22568034017.0085,-58.2242891258
22573036518.2591,-58.1180142972
22578039019.5098,-58.0486182758
22583041520.7604,-58.0106489813
22588044022.011,-57.935972436
22593046523.2616,-58.0351297312
22598049024.5123,-58.0616058121
22603051525.7629,-58.1446293642
22608054027.0135,-58.1519504882
22613056528.2641,-58.2925787504
22618059029.5148,-58.3113025278
22623061530.7654,-58.3515540754
22628064032.016,-58.320816086
22633066533.2666,-58.2947408995
22638069034.5173,-58.1641588031
22643071535.7679,-58.0203764699
22648074037.0185,-57.9697854443
22653076538.2691,-57.8226742428
22658079039.5198,-57.636129736
22663081540.7704,-57.47850114
22668084042.021,-57.3853888454
22673086543.2716,-57.3361442014
22678089044.5223,-57.1506150838
22683091545.7729,-57.1642045018
22688094047.0235,-57.1908528771
22693096548.2741,-57.2776762859
22698099049.5248,-57.2572558926
22703101550.7754,-57.3943208934
22708104052.026,-57.4857648507
22713106553.2766,-57.4724547028
22718109054.5273,-57.5439566508
22723111555.7779,-57.5204974647
22728114057.0285,-57.4579071394
22733116558.2791,-57.4781811631
22738119059.5298,-57.4059369968
22743121560.7804,-57.3049672996
22748124062.031,-57.2301729126
22753126563.2816,-57.0953001831
22758129064.5323,-56.9281733761
22763131565.7829,-56.8048457375
22768134067.0335,-56.6730306745
22773136568.2841,-56.6028005344
22778139069.5348,-56.5054637573
22783141570.7854,-56.4770844499
22788144072.036,-56.4565198289
22793146573.2866,-56.4933055339
22798149074.5373,-56.5411776491
22803151575.7879,-56.5143914893
22808154077.0385,-56.5123334748
22813156578.2891,-56.5814005642
22818159079.5398,-56.5645548531
22823161580.7904,-56.5326158222
22828164082.041,-56.3796839684
22833166583.2916,-56.2245157184
22838169084.5423,-56.1021549814
22843171585.7929,-55.9858717689
22848174087.0435,-55.7925272062
22853176588.2941,-55.5854875516
22858179089.5448,-55.4362431282
22863181590.7954,-55.4685188701
22868184092.046,-55.551241172
22873186593.2966,-55.8004562449
22878189094.5473,-56.0863310298
22883191595.7979,-56.2941610558
22888194097.0485,-56.4560279852
22893196598.2991,-56.5548785352
22898199099.5498,-56.5758602358
22903201600.8004,-56.5937748085
22908204102.051,-56.6287425881
22913206603.3017,-56.641808843
22918209104.5523,-56.6331816666
22923211605.8029,-56.6664991276
22928214107.0535,-56.6264192499
22933216608.3042,-56.6340064146
22938219109.5548,-56.6346906704
22943221610.8054,-56.6286241352
22948224112.056,-56.7315964265
22953226613.3067,-56.7272948099
22958229114.5573,-56.844234225
22963231615.8079,-56.858630524
22968234117.0585,-56.897796036
22973236618.3092,-56.9194129597
22978239119.5598,-57.0711167868
22983241620.8104,-57.0494303174
22988244122.061,-57.1527435489
22993246623.3117,-57.1905212387
22998249124.5623,-57.2633156016
23003251625.8129,-57.3329837303
23008254127.0635,-57.3549798414
23013256628.3142,-57.4343300327
23018259129.5648,-57.4568451449
23023261630.8154,-57.4850905556
23028264132.066,-57.5033679596
23033266633.3167,-57.520536013
23038269134.5673,-57.5314103384
23043271635.8179,-57.6018877612
23048274137.0685,-57.5706171887
23053276638.3192,-57.6401593955
23058279139.5698,-57.7477855055
23063281640.8204,-57.8818467486
23068284142.071,-57.7907561603
23073286643.3217,-57.984082848
23078289144.5723,-57.9623122116
23083291645.8229,-58.048340922
23088294147.0735,-58.031643183
23093296648.3242,-58.087142913
23098299149.5748,-58.1148809
23103301650.8254,-58.1556205595
23108304152.076,-58.15139249
23113306653.3267,-58.1941912745
23118309154.5773,-58.3026791208
23123311655.8279,-58.3133546444
23128314157.0785,-58.2823555003
23133316658.3292,-58.301354555
23138319159.5798,-58.3372046181
23143321660.8304,-58.4093676798
23148324162.081,-58.3622985822
23153326663.3317,-58.3771144718
23158329164.5823,-58.417526356
23163331665.8329,-58.3044657013
23168334167.0835,-58.262285813
23173336668.3342,-58.2607904425
23178339169.5848,-58.2629219815
23183341670.8354,-58.2217353115
23188344172.086,-58.2603766534
23193346673.3367,-58.1792511086
23198349174.5873,-58.0818210793
23203351675.8379,-57.9936833295
23208354177.0885,-57.9389864242
23213356678.3392,-57.8805500115
23218359179.5898,-57.7918026093
23223361680.8404,-57.735158468
23228364182.091,-57.6899072473
23233366683.3417,-57.6640012941
23238369184.5923,-57.5935586385
23243371685.8429,-57.5327207756
23248374187.0935,-57.5411851063
23253376688.3442,-57.5514653396
23258379189.5948,-57.5795884893
23263381690.8454,-57.5914315882
23268384192.096,-57.5109776347
23273386693.3467,-57.4585735443
23278389194.5973,-57.4072500934
23283391695.8479,-57.3826205584
23288394197.0985,-57.2809814734
23293396698.3492,-57.2245078308
23298399199.5998,-57.0431124605
23303401700.8504,-56.9357059239
23308404202.1011,-56.8925114795
23313406703.3517,-56.7971234316
23318409204.6023,-56.7036089952
23323411705.8529,-56.6123376121
23328414207.1036,-56.5673145923
23333416708.3542,-56.4865749563
23338419209.6048,-56.3826646788
23343421710.8554,-56.2556408319
23348424212.1061,-56.2263890339
23353426713.3567,-56.0476617301
23358429214.6073,-55.9603682156
23363431715.8579,-55.8263073359
23368434217.1086,-55.765413055
23373436718.3592,-55.6866124387
23378439219.6098,-55.6446639128
23383441720.8604,-55.4744655834
23388444222.1111,-55.4335263515
23393446723.3617,-55.4355219055
23398449224.6123,-55.3908177932
23403451725.8629,-55.3305833966
23408454227.1136,-55.2126420831
23413456728.3642,-55.2274669979
23418459229.6148,-55.0732664367
23423461730.8654,-55.0803742461
23428464232.1161,-54.9245346173
23433466733.3667,-55.0285558376
23438469234.6173,-54.8911775875
23443471735.8679,-54.881245847
23448474237.1186,-54.9022931948
23453476738.3692,-54.8994059334
23458479239.6198,-54.8832006597
23463481740.8704,-54.9217679946
23468484242.1211,-54.9522629741
23473486743.3717,-54.9694359548
23478489244.6223,-55.0092023976
23483491745.8729,-55.0493631173
23488494247.1236,-54.9967458438
23493496748.3742,-55.0131331246
23498499249.6248,-54.829777232
23503501750.8754,-54.8929795423
23508504252.1261,-54.7867121598
23513506753.3767,-54.7025725234
23518509254.6273,-54.6472382176
23523511755.8779,-54.6103984592
23528514257.1286,-54.6245008194
23533516758.3792,-54.6156292459
23538519259.6298,-54.6702675197
23543521760.8804,-54.6650348715
23548524262.1311,-54.7769581098
23553526763.3817,-54.8882653852
23558529264.6323,-55.0442398308
23563531765.8829,-55.1342675301
23568534267.1336,-55.2768963192
23573536768.3842,-55.4267110488
23578539269.6348,-55.5569054284
23583541770.8854,-55.6457586183
23588544272.1361,-55.7142907495
23593546773.3867,-55.8031143485
23598549274.6373,-55.8381247279
23603551775.8879,-55.8960456256
23608554277.1386,-55.9388669095
23613556778.3892,-56.0291407532
23618559279.6398,-56.090660201
23623561780.8904,-56.1080765999
23628564282.1411,-56.1502924105
23633566783.3917,-56.209755615
23638569284.6423,-56.3311547647
23643571785.8929,-56.3845509729
23648574287.1436,-56.6271126069
23653576788.3942,-56.7019049309
23658579289.6448,-56.8144152697
23663581790.8954,-56.9876935061
23668584292.1461,-56.9881643792
23673586793.3967,-57.1429728994
23678589294.6473,-57.1525011846
23683591795.8979,-57.2485995231
23688594297.1486,-57.339669197
23693596798.3992,-57.3875954847
23698599299.6498,-57.3340558015
23703601800.9005,-57.3487306359
23708604302.1511,-57.3561914976
23713606803.4017,-57.3186882217
23718609304.6523,-57.3918678714
23723611805.903,-57.3248840382
23728614307.1536,-57.3887084723
23733616808.4042,-57.4942572911
23738619309.6548,-57.4048963017
23743621810.9055,-57.5357232578
23748624312.1561,-57.576214188
23753626813.4067,-57.6694860004
23758629314.6573,-57.6233565506
23763631815.908,-57.6660642346
23768634317.1586,-57.6463745343
23773636818.4092,-57.6682331474
23778639319.6598,-57.6792542237
23783641820.9105,-57.6185844886
23788644322.1611,-57.4919288882
23793646823.4117,-57.4658627782
23798649324.6623,-57.3054797241
23803651825.913,-57.2845545609
23808654327.1636,-57.1880456268
23813656828.4142,-57.1815263073
23818659329.6648,-57.220655216
23823661830.9155,-57.1848450275
23828664332.1661,-57.1999343726
23833666833.4167,-57.2234634914
23838669334.6673,-57.3053388785
23843671835.918,-57.2991780799
23848674337.1686,-57.320443031
23853676838.4192,-57.3213845034
23858679339.6698,-57.3847153167
23863681840.9205,-57.3154794705
23868684342.1711,-57.2831369863
23873686843.4217,-57.245338311
23878689344.6723,-57.2906767765
23883691845.923,-57.1459598264
23888694347.1736,-57.1196820298
23893696848.4242,-57.1380050969
23898699349.6748,-56.9731337715
23903701850.9255,-56.9294107212
23908704352.1761,-56.9205100582
23913706853.4267,-56.873235285
23918709354.6773,-56.8858260841
23923711855.928,-56.8392493715
23928714357.1786,-56.8145344275
23933716858.4292,-56.9251850068
23938719359.6798,-56.8899631263
23943721860.9305,-56.9249730436
23948724362.1811,-56.9780775118
23953726863.4317,-56.9112278478
23958729364.6823,-56.8719579756
23963731865.933,-56.9159419406
23968734367.1836,-56.758198836
23973736868.4342,-56.6455157807
23978739369.6848,-56.4788481663
23983741870.9355,-56.3502854822
23988744372.1861,-56.2402795851
23993746873.4367,-56.0579376496
23998749374.6873,-55.9478307672
24003751875.938,-55.8498776537
24008754377.1886,-55.7352756725
24013756878.4392,-55.7374974187
24018759379.6898,-55.7411349257
24023761880.9405,-55.7606375591
24028764382.1911,-55.8333869966
24033766883.4417,-55.8604774341
24038769384.6923,-55.7795867062
24043771885.943,-55.8015990605
24048774387.1936,-55.7232566427
24053776888.4442,-55.4836171055
24058779389.6948,-55.365740371
24063781890.9455,-55.135351373
24068784392.1961,-54.8960238024
24073786893.4467,-54.5430390544
24078789394.6974,-54.317985501
24083791895.948,-54.0578377548
24088794397.1986,-53.7616748954
24093796898.4492,-53.6791709525
24098799399.6998,-53.5477194883
24103801900.9505,-53.5039527989
24108804402.2011,-53.5314469816
24113806903.4517,-53.5493695878
24118809404.7024,-53.6302562879
24123811905.953,-53.7082061398
24128814407.2036,-53.7576909481
24133816908.4542,-53.8079954051
24138819409.7049,-53.6506167805
24143821910.9555,-53.6272834135
24148824412.2061,-53.5859929796
24153826913.4567,-53.4249369724
24158829414.7074,-53.2408301936
24163831915.958,-53.1037228323
24168834417.2086,-52.9698215857
24173836918.4592,-52.8621503363
24178839419.7099,-53.0067153097
24183841920.9605,-52.9352179306
24188844422.2111,-53.0547958123
24193846923.4617,-53.263791665
24198849424.7124,-53.5826159711
24203851925.963,-53.7850252495
24208854427.2136,-54.0888301822
24213856928.4642,-54.2927532884
24218859429.7149,-54.5320188961
24223861930.9655,-54.5813652073
24228864432.2161,-54.7067029705
24233866933.4667,-54.8509772664
24238869434.7174,-54.8166887672
24243871935.968,-54.8676853603
24248874437.2186,-54.8437242512
24253876938.4692,-54.8095567968
24258879439.7199,-54.7614323355
24263881940.9705,-54.7267509738
24268884442.2211,-54.7238345741
24273886943.4717,-54.810926202
24278889444.7224,-54.9291042771
24283891945.973,-55.0648751775
24288894447.2236,-55.2330286808
24293896948.4742,-55.3620104365
24298899449.7249,-55.5621231127
24303901950.9755,-55.6764660203
24308904452.2261,-55.7777321431
24313906953.4767,-55.8796528835
24318909454.7274,-55.9434175693
24323911955.978,-55.9514200667
24328914457.2286,-56.0117559031
24333916958.4792,-56.0113236939
24338919459.7299,-56.0256731076
24343921960.9805,-55.980051808
24348924462.2311,-55.9769880165
24353926963.4817,-55.958769333
24358929464.7324,-56.020792049
24363931965.983,-56.0704370004
24368934467.2336,-56.1092081071
24373936968.4842,-56.278634091
24378939469.7349,-56.1904326122
24383941970.9855,-56.2232404313
24388944472.2361,-56.1808796875
24393946973.4867,-56.2932820279
24398949474.7374,-56.3050486299
24403951975.988,-56.2818131516
24408954477.2386,-56.3187500475
24413956978.4892,-56.3193441644
24418959479.7399,-56.2574474185
24423961980.9905,-56.2223088044
24428964482.2411,-56.1955424589
24433966983.4917,-56.1133716741
24438969484.7424,-56.0242790689
24443971985.993,-56.0072850539
24448974487.2436,-55.8878613985
24453976988.4942,-55.8624229872
24458979489.7449,-55.7847719142
24463981990.9955,-55.7589872041
24468984492.2461,-55.767258264
24473986993.4968,-55.8038757277
24478989494.7474,-55.7912338718
24483991995.998,-55.8527637535
24488994497.2486,-55.8225858529
24493996998.4992,-55.8214946616
24498999499.7499,-55.9230107713
24504002001.0005,-55.9079069665
24509004502.2511,-55.9321796425
24514007003.5018,-55.8719150926
24519009504.7524,-55.815360539
24524012006.003,-55.8070535787
24529014507.2536,-55.7902861183
24534017008.5043,-55.7474639164
24539019509.7549,-55.6476778251
24544022011.0055,-55.6714545235
24549024512.2561,-55.5372308284
24554027013.5068,-55.528749719
24559029514.7574,-55.5911690997
24564032016.008,-55.6035186633
24569034517.2586,-55.7289241168
24574037018.5093,-55.8002356286
24579039519.7599,-55.8704003143
24584042021.0105,-55.9241930628
24589044522.2611,-55.9155890778
24594047023.5118,-55.910777533
24599049524.7624,-55.9618576131
24604052026.013,-55.7766080163
24609054527.2636,-55.7331800644
24614057028.5143,-55.664525974
24619059529.7649,-55.5558095104
24624062031.0155,-55.3656314084
24629064532.2661,-55.3082023138
24634067033.5168,-55.2115570689
24639069534.7674,-55.0608884054
24644072036.018,-55.0969836205
24649074537.2686,-55.0629712496
24654077038.5193,-55.1338189639
24659079539.7699,-55.2116714159
24664082041.0205,-55.2744874781
24669084542.2711,-55.2923427528
24674087043.5218,-55.3089309678
24679089544.7724,-55.3533052019
24684092046.023,-55.2571894897
24689094547.2736,-55.1275456383
24694097048.5243,-55.0120407223
24699099549.7749,-54.9158926504
24704102051.0255,-54.7350534411
24709104552.2761,-54.4764912366
24714107053.5268,-54.3990766691
24719109554.7774,-54.168849412
24724112056.028,-54.0738599402
24729114557.2786,-53.9577120679
24734117058.5293,-53.983761646
24739119559.7799,-54.1208100897
24744122061.0305,-54.2309565603
24749124562.2811,-54.2724229526
24754127063.5318,-54.349157383
24759129564.7824,-54.4402703174
24764132066.033,-54.5183914745
24769134567.2836,-54.4637161198
24774137068.5343,-54.4597608043
24779139569.7849,-54.2746689619
24784142071.0355,-54.1029171759
24789144572.2861,-53.8849838513
24794147073.5368,-53.5768857973
24799149574.7874,-53.2899263972
24804152076.038,-52.8731617098
24809154577.2886,-52.6260809213
24814157078.5393,-52.5487699399
24819159579.7899,-52.4137235681
24824162081.0405,-52.3327382986
24829164582.2911,-52.4298729663
24834167083.5418,-52.5699103426
24839169584.7924,-52.719089773
24844172086.043,-52.9338031998
24849174587.2936,-52.9913594475
24854177088.5443,-53.1512052769
24859179589.7949,-53.1656453962
24864182091.0455,-53.2915007782
24869184592.2961,-53.3126628881
24874187093.5468,-53.3304373235
24879189594.7974,-53.3552261832
24884192096.048,-53.2996679813
24889194597.2986,-53.2826566538
24894197098.5493,-53.2605119004
24899199599.7999,-53.1994361594
24904202101.0505,-53.264212498
24909204602.3012,-53.2866302689
24914207103.5518,-53.422470936
24919209604.8024,-53.4907081213
24924212106.053,-53.6792832967
24929214607.3037,-53.8144848151
24934217108.5543,-54.0689580183
24939219609.8049,-54.1809084894
24944222111.0555,-54.3385594189
24949224612.3062,-54.4966966173
24954227113.5568,-54.561307997
24959229614.8074,-54.5381346234
24964232116.058,-54.625085278
24969234617.3087,-54.6207851815
24974237118.5593,-54.593911775
24979239619.8099,-54.5324165957
24984242121.0605,-54.554718542
24989244622.3112,-54.4625673324
24994247123.5618,-54.4667353737
24999249624.8124,-54.4004105182
25004252126.063,-54.4409811429
25009254627.3137,-54.3453251444
25014257128.5643,-54.459950856
25019259629.8149,-54.5673693255
25024262131.0655,-54.6494028999
25029264632.3162,-54.6956838671
25034267133.5668,-54.8009064269
25039269634.8174,-54.8580893722
25044272136.068,-54.7917266727
25049274637.3187,-54.9044862842
25054277138.5693,-54.8453121569
25059279639.8199,-54.8377629201
25064282141.0705,-54.799620942
25069284642.3212,-54.7782585181
25074287143.5718,-54.6744460385
25079289644.8224,-54.6657400687
25084292146.073,-54.5311077452
25089294647.3237,-54.5211302874
25094297148.5743,-54.5103880555
25099299649.8249,-54.6427493592
25104302151.0755,-54.6054960457
25109304652.3262,-54.7053740786
25114307153.5768,-54.7484761699
25119309654.8274,-54.8581080798
25124312156.078,-54.8984628914
25129314657.3287,-55.0216146244
25134317158.5793,-54.9567484737
25139319659.8299,-55.0007575635
25144322161.0805,-54.9642404419
25149324662.3312,-54.9652442686
25154327163.5818,-54.998595107
25159329664.8324,-54.9370686492
25164332166.083,-54.9047263526
25169334667.3337,-54.886515708
25174337168.5843,-54.8696212969
25179339669.8349,-54.8055189278
25184342171.0855,-54.8693392827
25189344672.3362,-54.8642267813
25194347173.5868,-54.8512196264
25199349674.8374,-54.906993553
25204352176.088,-55.0020368022
25209354677.3387,-55.0726852966
25214357178.5893,-55.1089796974
25219359679.8399,-55.1280888046
25224362181.0905,-55.2101661601
25229364682.3412,-55.1684404494
25234367183.5918,-55.186884888
25239369684.8424,-55.1771471858
25244372186.093,-55.2041023961
25249374687.3437,-55.1505917077
25254377188.5943,-55.0489854278
25259379689.8449,-54.9957323782
25264382191.0955,-54.8824801525
25269384692.3462,-54.8697575445
25274387193.5968,-54.8627476697
25279389694.8474,-54.7714559908
25284392196.098,-54.8149497261
25289394697.3487,-54.8153324737
25294397198.5993,-54.7758675759
25299399699.8499,-54.8425898801
25304402201.1005,-54.8584095081
25309404702.3512,-54.7823109251
25314407203.6018,-54.724324502
25319409704.8524,-54.7039240204
25324412206.1031,-54.5863713862
25329414707.3537,-54.5860406178
25334417208.6043,-54.4547124939
25339419709.8549,-54.3701131997
25344422211.1056,-54.2672368133
25349424712.3562,-54.0988607335
25354427213.6068,-54.0798725179
25359429714.8574,-54.0329870546
25364432216.1081,-53.9829492358
25369434717.3587,-53.9041786794
25374437218.6093,-53.8387843283
25379439719.8599,-53.8593366989
25384442221.1106,-53.813529018
25389444722.3612,-53.7502287952
25394447223.6118,-53.7704121601
25399449724.8624,-53.6933953231
25404452226.1131,-53.5355215826
25409454727.3637,-53.5122651437
25414457228.6143,-53.4787505184
25419459729.8649,-53.3532014205
25424462231.1156,-53.3184135948
25429464732.3662,-53.1313580818
25434467233.6168,-53.1044988765
25439469734.8674,-52.9643527476
25444472236.1181,-52.8724921638
25449474737.3687,-52.783078584
25454477238.6193,-52.8315975604
25459479739.8699,-52.6794305463
25464482241.1206,-52.5467173171
25469484742.3712,-52.5898504573
25474487243.6218,-52.5168511891
25479489744.8724,-52.4122260619
25484492246.1231,-52.3103780478
25489494747.3737,-52.3484114695
25494497248.6243,-52.2557466812
25499499749.8749,-52.1095395878
25504502251.1256,-52.1225791672
25509504752.3762,-52.037948491
25514507253.6268,-52.0319375274
25519509754.8774,-51.9615479768
25524512256.1281,-52.0261438326
25529514757.3787,-51.9837238255
25534517258.6293,-51.9085802736
25539519759.8799,-52.0243195851
25544522261.1306,-52.0303200712
25549524762.3812,-52.1138777778
25554527263.6318,-52.248026035
25559529764.8824,-52.3187211561
25564532266.1331,-52.379436518
25569534767.3837,-52.5138862593
25574537268.6343,-52.5164680746
25579539769.8849,-52.6409810707
25584542271.1356,-52.7567356934
25589544772.3862,-52.7618662192
25594547273.6368,-52.8891778257
25599549774.8874,-52.959088356
25604552276.1381,-53.0974595726
25609554777.3887,-53.1209965581
25614557278.6393,-53.2030505239
25619559779.8899,-53.3607392588
25624562281.1406,-53.4610072792
25629564782.3912,-53.5411035846
25634567283.6418,-53.6390102172
25639569784.8924,-53.675270066
25644572286.1431,-53.7464593533
25649574787.3937,-53.7659335129
25654577288.6443,-53.7588195602
25659579789.8949,-53.7473772394
25664582291.1456,-53.7194239044
25669584792.3962,-53.7259958648
25674587293.6468,-53.770588887
25679589794.8974,-53.7403608775
25684592296.1481,-53.7662597202
25689594797.3987,-53.7799388692
25694597298.6493,-53.7455236693
25699599799.8999,-53.8465282045
25704602301.1506,-53.8708192098
25709604802.4012,-53.8894534416
25714607303.6518,-53.865458446
25719609804.9025,-53.8410106005
25724612306.1531,-53.9099546262
25729614807.4037,-53.8739666753
25734617308.6543,-53.868039397
25739619809.905,-53.9011483146
25744622311.1556,-53.8636662083
25749624812.4062,-53.9913903636
25754627313.6568,-54.0055267929
25759629814.9075,-53.9576281113
25764632316.1581,-54.0267254794
25769634817.4087,-54.1200858102
25774637318.6593,-54.182165226
25779639819.91,-54.2055564296
25784642321.1606,-54.2797726768
25789644822.4112,-54.383580263
25794647323.6618,-54.4474358654
25799649824.9125,-54.5326098494
25804652326.1631,-54.5159237286
25809654827.4137,-54.6902239995
25814657328.6643,-54.755130575
25819659829.915,-54.8202889752
25824662331.1656,-54.8604069393
25829664832.4162,-54.8642956545
25834667333.6668,-54.9130153339
25839669834.9175,-55.0517785383
25844672336.1681,-54.9994461706
25849674837.4187,-55.0727764949
25854677338.6693,-55.142262781
25859679839.92,-55.0772312112
25864682341.1706,-55.066631565
25869684842.4212,-55.1021263518
25874687343.6718,-55.0388134105
25879689844.9225,-55.0160323178
25884692346.1731,-55.0714936062
25889694847.4237,-55.0920716137
25894697348.6743,-55.157062829
25899699849.925,-55.1520118005
25904702351.1756,-55.1806649901
25909704852.4262,-55.2077150852
25914707353.6768,-55.2136084559
25919709854.9275,-55.2697947829
25924712356.1781,-55.1975220551
25929714857.4287,-55.2183687109
25934717358.6793,-55.1366813696
25939719859.93,-55.122151311
25944722361.1806,-54.9943305682
25949724862.4312,-54.9675046258
25954727363.6818,-54.9305847398
25959729864.9325,-54.7847678017
25964732366.1831,-54.777928405
25969734867.4337,-54.691356849
25974737368.6843,-54.6200895628
25979739869.935,-54.5328778071
25984742371.1856,-54.549544537
25989744872.4362,-54.4877217534
25994747373.6868,-54.4555393869
25999749874.9375,-54.4078493621
26004752376.1881,-54.3677774887
26009754877.4387,-54.2498005272
26014757378.6893,-54.2092416351
26019759879.94,-54.0876009098
26024762381.1906,-53.9448082674
26029764882.4412,-53.8391091689
26034767383.6918,-53.62970145
26039769884.9425,-53.4995420825
26044772386.1931,-53.3230101821
26049774887.4437,-53.1758403499
26054777388.6943,-53.0812022404
26059779889.945,-52.9682385803
26064782391.1956,-52.9779955594
26069784892.4462,-52.9820924695
26074787393.6968,-52.9737599342
26079789894.9475,-52.8719980431
26084792396.1981,-52.8810809049
26089794897.4487,-52.8724295276
26094797398.6993,-52.7838756131
26099799899.95,-52.7076523073
26104802401.2006,-52.6216127137
26109804902.4512,-52.489791051
26114807403.7019,-52.3306677499
26119809904.9525,-52.1338583283
26124812406.2031,-51.9969254841
26129814907.4537,-51.8152530648
26134817408.7044,-51.6188613405
26139819909.955,-51.5932162869
26144822411.2056,-51.507761723
26149824912.4562,-51.4200207987
26154827413.7069,-51.4243253849
26159829914.9575,-51.4058483339
26164832416.2081,-51.4022544141
26169834917.4587,-51.4254236429
26174837418.7094,-51.443966716
26179839919.96,-51.4181490903
26184842421.2106,-51.3641128
26189844922.4612,-51.4058139652
26194847423.7119,-51.3112703275
26199849924.9625,-51.2515226134
26204852426.2131,-51.1431258877
26209854927.4637,-51.118811732
26214857428.7144,-50.9765040654
26219859929.965,-50.9303969478
26224862431.2156,-50.9152649452
26229864932.4662,-50.9972972923
26234867433.7169,-51.1308182818
26239869934.9675,-51.3359349577
26244872436.2181,-51.5333442717
26249874937.4687,-51.825771255
26254877438.7194,-52.0616079092
26259879939.97,-52.2927452543
26264882441.2206,-52.5695322615
26269884942.4712,-52.7052117369
26274887443.7219,-52.8101531111
26279889944.9725,-52.8594673027
26284892446.2231,-52.92697251
26289894947.4737,-52.8780924843
26294897448.7244,-52.8236733546
26299899949.975,-52.7398751928
26304902451.2256,-52.727758497
26309904952.4762,-52.7116592053
26314907453.7269,-52.660741038
26319909954.9775,-52.6792929561
26324912456.2281,-52.6749841312
26329914957.4787,-52.7782454778
26334917458.7294,-52.8772200291
26339919959.98,-53.1129222067
26344922461.2306,-53.2370834651
26349924962.4812,-53.3624978112
26354927463.7319,-53.5697820007
26359929964.9825,-53.7694206803
26364932466.2331,-53.8076094705
26369934967.4837,-53.947693928
26374937468.7344,-53.9119214143
26379939969.985,-53.9529676499
26384942471.2356,-53.9848479694
26389944972.4862,-53.9358085563
26394947473.7369,-53.9624767827
26399949974.9875,-53.8890685048
26404952476.2381,-53.8455688104
26409954977.4887,-53.8582940291
26414957478.7394,-53.8036412846
26419959979.99,-53.7664584845
26424962481.2406,-53.7309517783
26429964982.4912,-53.8455915063
26434967483.7419,-53.9076965556
26439969984.9925,-53.9081312081
26444972486.2431,-53.9686523222
26449974987.4937,-53.9697277181
26454977488.7444,-54.0057600767
26459979989.995,-54.123818647
26464982491.2456,-54.1173441917
26469984992.4962,-54.1522481124
26474987493.7469,-54.0685826728
26479989994.9975,-54.1253544951
26484992496.2481,-54.0192256896
26489994997.4987,-54.0264374815
26494997498.7494,-53.8724705324
26500000000,-53.8047618711
