16500000000,-52.8937022161
16505002501.2506,-52.7655066933
16510005002.5013,-52.4161174177
16515007503.7519,-52.2150912522
16520010005.0025,-52.0845518475
16525012506.2531,-52.0334921931
16530015007.5038,-52.0899515132
16535017508.7544,-52.4054536498
16540020010.005,-52.7001736074
16545022511.2556,-53.0813252415
16550025012.5063,-53.5766028038
16555027513.7569,-53.8409172253
16560030015.0075,-54.1469223087
16565032516.2581,-54.3137121496
16570035017.5088,-54.4645391384
16575037518.7594,-54.4671720771
16580040020.01,-54.4365349597
16585042521.2606,-54.2027791358
16590045022.5113,-54.0691815135
16595047523.7619,-53.8397546679
16600050025.0125,-53.6145627602
16605052526.2631,-53.3562006726
16610055027.5138,-53.2157082159
16615057528.7644,-53.1923042677
16620060030.015,-53.2826481385
16625062531.2656,-53.4797762466
16630065032.5163,-53.6127761266
16635067533.7669,-53.9979802367
16640070035.0175,-54.1197686345
16645072536.2681,-54.4337752025
16650075037.5188,-54.6306420982
16655077538.7694,-54.6498879062
16660080040.02,-54.6733356721
16665082541.2706,-54.6105571517
16670085042.5213,-54.5485583979
16675087543.7719,-54.3316427261
16680090045.0225,-54.2022036063
16685092546.2731,-53.8641187188
16690095047.5238,-53.5969494218
16695097548.7744,-53.3480273014
16700100050.025,-53.1887218674
16705102551.2756,-53.1236245654
16710105052.5263,-53.0694012566
16715107553.7769,-53.2170780341
16720110055.0275,-53.5116928092
16725112556.2781,-53.8319120932
16730115057.5288,-54.0944601675
16735117558.7794,-54.375451486
16740120060.03,-54.7224252864
16745122561.2806,-54.8734163233
16750125062.5313,-54.9051696302
16755127563.7819,-54.9408977502
16760130065.0325,-54.7779526052
16765132566.2831,-54.4618696547
16770135067.5338,-54.2030430455
16775137568.7844,-53.8232554141
16780140070.035,-53.4401164482
16785142571.2856,-53.1021962067
16790145072.5363,-52.9169788652
16795147573.7869,-52.8195468779
16800150075.0375,-52.9069063804
16805152576.2881,-53.0825023255
16810155077.5388,-53.3816349162
16815157578.7894,-53.7107585775
16820160080.04,-54.0104307119
16825162581.2906,-54.2153535016
16830165082.5413,-54.3632832039
16835167583.7919,-54.5655240998
16840170085.0425,-54.4871679725
16845172586.2931,-54.3710656276
16850175087.5438,-54.2398112479
16855177588.7944,-53.9829236345
16860180090.045,-53.8222761417
16865182591.2956,-53.411380563
16870185092.5463,-53.1418498975
16875187593.7969,-52.8448435087
16880190095.0475,-52.6891326974
16885192596.2981,-52.5986050887
16890195097.5488,-52.685447053
16895197598.7994,-52.7198107142
16900200100.05,-52.9019227188
16905202601.3007,-53.2005893301
16910205102.5513,-53.3449589307
16915207603.8019,-53.5892925048
16920210105.0525,-53.7367409082
16925212606.3032,-53.8681222122
16930215107.5538,-53.9756900716
16935217608.8044,-53.9572003993
16940220110.055,-53.9761305901
16945222611.3057,-53.8444231228
16950225112.5563,-53.5730490629
16955227613.8069,-53.495199446
16960230115.0575,-53.2556307508
16965232616.3082,-53.1218043945
16970235117.5588,-53.0015362049
16975237618.8094,-52.8413094448
16980240120.06,-52.9118621322
16985242621.3107,-53.0540848295
16990245122.5613,-53.288681778
16995247623.8119,-53.4796206234
17000250125.0625,-53.7974540379
17005252626.3132,-54.0296211063
17010255127.5638,-54.2379399869
17015257628.8144,-54.3714579172
17020260130.065,-54.5030234395
17025262631.3157,-54.4921808631
17030265132.5663,-54.429875857
17035267633.8169,-54.3601557446
17040270135.0675,-54.1874669471
17045272636.3182,-54.0275335162
17050275137.5688,-53.7914023314
17055277638.8194,-53.5318293008
17060280140.07,-53.3454517269
17065282641.3207,-53.2028314774
17070285142.5713,-53.2382922656
17075287643.8219,-53.3740029082
17080290145.0725,-53.4885732104
17085292646.3232,-53.6677680319
17090295147.5738,-54.0260329031
17095297648.8244,-54.1671478606
17100300150.075,-53.9916424406
17105302651.3257,-54.0201213057
17110305152.5763,-54.1254269504
17115307653.8269,-54.11339613
17120310155.0775,-54.1139346749
17125312656.3282,-53.960967929
17130315157.5788,-53.874887812
17135317658.8294,-53.6658916959
17140320160.08,-53.501594738
17145322661.3307,-53.3248020377
17150325162.5813,-53.2318576277
17155327663.8319,-53.1400721959
17160330165.0825,-53.18501203
17165332666.3332,-53.374096319
17170335167.5838,-53.4926985849
17175337668.8344,-53.7373355818
17180340170.085,-54.1835124072
17185342671.3357,-54.41734823
17190345172.5863,-54.7025536686
17195347673.8369,-54.9136495957
17200350175.0875,-55.1232861191
17205352676.3382,-55.2103203889
17210355177.5888,-55.2623658545
17215357678.8394,-55.2404431094
17220360180.09,-55.170303645
17225362681.3407,-55.0074683195
17230365182.5913,-54.8650798096
17235367683.8419,-54.7704051894
17240370185.0925,-54.7052674646
17245372686.3432,-54.664568794
17250375187.5938,-54.798531025
17255377688.8444,-54.9523305298
17260380190.095,-55.2231065727
17265382691.3457,-55.4994328005
17270385192.5963,-55.7500167872
17275387693.8469,-56.1043573561
17280390195.0975,-56.3123931494
17285392696.3482,-56.4763637545
17290395197.5988,-56.6042840999
17295397698.8494,-56.6853283916
17300400200.1001,-56.7478518329
17305402701.3507,-56.6221607278
17310405202.6013,-56.5196929765
17315407703.8519,-56.5099111603
17320410205.1026,-56.4175628226
17325412706.3532,-56.3475115842
17330415207.6038,-56.2757879567
17335417708.8544,-56.1930373117
17340420210.1051,-56.2757937693
17345422711.3557,-56.2930528096
17350425212.6063,-56.3280545341
17355427713.8569,-56.3800069142
17360430215.1076,-56.5523174854
17365432716.3582,-56.6799654139
17370435217.6088,-56.7805409525
17375437718.8594,-56.8443454727
17380440220.1101,-56.947611845
17385442721.3607,-56.9284836983
17390445222.6113,-56.896792653
17395447723.8619,-56.8444249007
17400450225.1126,-56.6976855244
17405452726.3632,-56.6166876929
17410455227.6138,-56.4840622324
17415457728.8644,-56.389142153
17420460230.1151,-56.2518097704
17425462731.3657,-56.1215080107
17430465232.6163,-56.1467557369
17435467733.8669,-56.2098422696
17440470235.1176,-56.2222144271
17445472736.3682,-56.3395857341
17450475237.6188,-56.4466920339
17455477738.8694,-56.4675366072
17460480240.1201,-56.5549879386
17465482741.3707,-56.6082570696
17470485242.6213,-56.613162795
17475487743.8719,-56.5751119532
17480490245.1226,-56.5039377509
17485492746.3732,-56.4080940868
17490495247.6238,-56.2781227411
17495497748.8744,-56.1117840592
17500500250.1251,-56.006669016
17505502751.3757,-55.8222124764
17510505252.6263,-55.6560447028
17515507753.8769,-55.563765386
17520510255.1276,-55.4960871058
17525512756.3782,-55.5091758467
17530515257.6288,-55.5246433391
17535517758.8794,-55.5452170751
17540520260.1301,-55.6583216614
17545522761.3807,-55.6781818115
17550525262.6313,-55.5849114853
17555527763.8819,-55.5540267227
17560530265.1326,-55.5590684057
17565532766.3832,-55.4392826269
17570535267.6338,-55.330529986
17575537768.8844,-55.2990109478
17580540270.1351,-55.1643803931
17585542771.3857,-55.0862446933
17590545272.6363,-55.0243089539
17595547773.8869,-55.0034922289
17600550275.1376,-54.8943364308
17605552776.3882,-54.8671754175
17610555277.6388,-54.8283181293
17615557778.8894,-54.7817899911
17620560280.1401,-54.7498509371
17625562781.3907,-54.8204535583
17630565282.6413,-54.8005798258
17635567783.8919,-54.8494971022
17640570285.1426,-54.9017718756
17645572786.3932,-55.0108204928
17650575287.6438,-55.0689759341
17655577788.8944,-55.0820423535
17660580290.1451,-55.1642167095
17665582791.3957,-55.1913256999
17670585292.6463,-55.1973876781
17675587793.897,-55.1256741922
17680590295.1476,-55.1734939301
17685592796.3982,-55.1627272445
17690595297.6488,-55.0799788789
17695597798.8994,-55.1067286151
17700600300.1501,-55.0632159688
17705602801.4007,-55.1322898007
17710605302.6513,-55.1872349567
17715607803.902,-55.2965876061
17720610305.1526,-55.3416278098
17725612806.4032,-55.4052577469
17730615307.6538,-55.5640499611
17735617808.9045,-55.6655218937
17740620310.1551,-55.7181718142
17745622811.4057,-55.8276683066
17750625312.6563,-55.9804717016
17755627813.907,-56.0001204428
17760630315.1576,-56.099440662
17765632816.4082,-56.2690844426
17770635317.6588,-56.3229307453
17775637818.9095,-56.4072299149
17780640320.1601,-56.4858730125
17785642821.4107,-56.5306708774
17790645322.6613,-56.5547693512
17795647823.912,-56.5701923994
17800650325.1626,-56.5807337029
17805652826.4132,-56.6717491679
17810655327.6638,-56.722648896
17815657828.9145,-56.8286303387
17820660330.1651,-56.9941655515
17825662831.4157,-57.1170378137
17830665332.6663,-57.355214768
17835667833.917,-57.4657581768
17840670335.1676,-57.7491917243
17845672836.4182,-57.9416870781
17850675337.6688,-58.1544283913
17855677838.9195,-58.3149404977
17860680340.1701,-58.3568768737
17865682841.4207,-58.4363852036
17870685342.6713,-58.6339625454
17875687843.922,-58.565824538
17880690345.1726,-58.665819756
17885692846.4232,-58.7083550691
17890695347.6738,-58.6015950074
17895697848.9245,-58.6394057338
17900700350.1751,-58.7099927284
17905702851.4257,-58.7538531214
17910705352.6763,-58.8149670983
17915707853.927,-58.915920556
17920710355.1776,-59.0027028208
17925712856.4282,-59.1960941329
17930715357.6788,-59.2427746993
17935717858.9295,-59.3805688184
17940720360.1801,-59.5345012171
17945722861.4307,-59.5845963629
17950725362.6813,-59.6632244468
17955727863.932,-59.7095362492
17960730365.1826,-59.7563524933
17965732866.4332,-59.7772570175
17970735367.6838,-59.7550864729
17975737868.9345,-59.7038553532
17980740370.1851,-59.7526113226
17985742871.4357,-59.6667315286
17990745372.6863,-59.6802504934
17995747873.937,-59.6669835204
18000750375.1876,-59.6473102546
18005752876.4382,-59.618959842
18010755377.6888,-59.6289828827
18015757878.9395,-59.642615528
18020760380.1901,-59.6033055926
18025762881.4407,-59.6938196722
18030765382.6913,-59.5723860374
18035767883.942,-59.6822793135
18040770385.1926,-59.6483782599
18045772886.4432,-59.638506087
18050775387.6938,-59.6109818306
18055777888.9445,-59.6357598235
18060780390.1951,-59.5700952655
18065782891.4457,-59.4202570923
18070785392.6964,-59.3176884628
18075787893.947,-59.1466463069
18080790395.1976,-59.0718946414
18085792896.4482,-58.9143991981
18090795397.6988,-58.6951929693
18095797898.9495,-58.5497205993
18100800400.2001,-58.4894409151
18105802901.4507,-58.3480574436
18110805402.7014,-58.2231133828
18115807903.952,-58.1474268903
18120810405.2026,-58.1202494135
18125812906.4532,-58.0361239239
18130815407.7039,-57.9933273181
18135817908.9545,-57.9420307448
18140820410.2051,-57.8219627306
18145822911.4557,-57.6661615721
18150825412.7064,-57.5319292557
18155827913.957,-57.4076286848
18160830415.2076,-57.2052128534
18165832916.4582,-57.1637974388
18170835417.7089,-57.0050304178
18175837918.9595,-56.9158808495
18180840420.2101,-56.8298435861
18185842921.4607,-56.7382267114
18190845422.7114,-56.6887774067
18195847923.962,-56.5799358715
18200850425.2126,-56.5077909013
18205852926.4632,-56.4680447703
18210855427.7139,-56.4425358797
18215857928.9645,-56.428411325
18220860430.2151,-56.4697813811
18225862931.4657,-56.4753033484
18230865432.7164,-56.4801587449
18235867933.967,-56.4897880208
18240870435.2176,-56.4402836414
18245872936.4682,-56.3734310593
18250875437.7189,-56.3005165754
18255877938.9695,-56.2618152713
18260880440.2201,-56.1475120431
18265882941.4707,-56.1600596191
18270885442.7214,-56.138875338
18275887943.972,-56.1075425134
18280890445.2226,-56.1260431099
18285892946.4732,-56.1485132179
18290895447.7239,-56.2754745466
18295897948.9745,-56.4061831484
18300900450.2251,-56.5126167158
18305902951.4757,-56.6772349446
18310905452.7264,-56.7966439742
18315907953.977,-56.8997644722
18320910455.2276,-57.1034123767
18325912956.4782,-57.1287013243
18330915457.7289,-57.1851157541
18335917958.9795,-57.181100868
18340920460.2301,-57.2197730822
18345922961.4807,-57.230835779
18350925462.7314,-57.2079586569
18355927963.982,-57.2474000061
18360930465.2326,-57.3298730704
18365932966.4832,-57.4293776091
18370935467.7339,-57.5883342198
18375937968.9845,-57.803553789
18380940470.2351,-57.9582233154
18385942971.4857,-58.1886311722
18390945472.7364,-58.2946920903
18395947973.987,-58.4491023708
18400950475.2376,-58.6697874443
18405952976.4882,-58.7842357486
18410955477.7389,-58.8772008623
18415957978.9895,-58.973846819
18420960480.2401,-59.1152677526
18425962981.4907,-59.1269907755
18430965482.7414,-59.1266825664
18435967983.992,-59.201532817
18440970485.2426,-59.2640786852
18445972986.4932,-59.2958819326
18450975487.7439,-59.3023484717
18455977988.9945,-59.331083826
18460980490.2451,-59.352167857
18465982991.4957,-59.4429914827
18470985492.7464,-59.4683948771
18475987993.997,-59.5656975761
18480990495.2476,-59.6508412521
18485992996.4982,-59.7823997926
18490995497.7489,-59.949642331
18495997998.9995,-60.0071254608
18501000500.2501,-60.0990537599
18506003001.5008,-60.2267359604
18511005502.7514,-60.2986138281
18516008004.002,-60.3347739687
18521010505.2526,-60.4288401319
18526013006.5033,-60.4400471216
18531015507.7539,-60.4509816899
18536018009.0045,-60.4001095648
18541020510.2551,-60.3081346421
18546023011.5058,-60.3254646893
18551025512.7564,-60.3514650821
18556028014.007,-60.2444963395
18561030515.2576,-60.360996736
18566033016.5083,-60.2805244595
18571035517.7589,-60.3219510994
18576038019.0095,-60.3666072003
18581040520.2601,-60.3861369449
18586043021.5108,-60.4203565548
18591045522.7614,-60.4674602558
18596048024.012,-60.5097595956
18601050525.2626,-60.5231659245
18606053026.5133,-60.4866475928
18611055527.7639,-60.5138942626
18616058029.0145,-60.4760908138
18621060530.2651,-60.4320093457
18626063031.5158,-60.3938321974
18631065532.7664,-60.3288431899
18636068034.017,-60.3248553135
18641070535.2676,-60.2959545291
18646073036.5183,-60.1591047634
18651075537.7689,-60.1792140268
18656078039.0195,-60.1361318293
18661080540.2701,-60.1296034891
18666083041.5208,-60.1133982559
18671085542.7714,-60.0735983323
18676088044.022,-60.1405208296
18681090545.2726,-60.1226337533
18686093046.5233,-60.0375495743
18691095547.7739,-60.0185714554
18696098049.0245,-59.9636365911
18701100550.2751,-59.8804922015
18706103051.5258,-59.8780945827
18711105552.7764,-59.7873210153
18716108054.027,-59.6887584958
18721110555.2776,-59.5982755461
18726113056.5283,-59.4578179565
18731115557.7789,-59.4032865112
18736118059.0295,-59.2238261035
18741120560.2801,-59.2808919959
18746123061.5308,-59.2357264476
18751125562.7814,-59.2539407144
18756128064.032,-59.1247075836
18761130565.2826,-59.1271483365
18766133066.5333,-59.1479190996
18771135567.7839,-59.1225872782
18776138069.0345,-59.0725112168
18781140570.2851,-59.0500646993
18786143071.5358,-58.9163356774
18791145572.7864,-58.8821626957
18796148074.037,-58.7654813098
18801150575.2876,-58.6935542875
18806153076.5383,-58.6462246292
18811155577.7889,-58.6060464256
18816158079.0395,-58.5309410492
18821160580.2901,-58.4727570387
18826163081.5408,-58.4349201051
18831165582.7914,-58.4536799848
18836168084.042,-58.487118094
18841170585.2926,-58.4577134088
18846173086.5433,-58.4385335768
18851175587.7939,-58.5066713269
18856178089.0445,-58.4771682464
18861180590.2951,-58.4522016305
18866183091.5458,-58.4947169665
18871185592.7964,-58.4616998937
18876188094.047,-58.4529153256
18881190595.2976,-58.4279052622
18886193096.5483,-58.502661693
18891195597.7989,-58.5314755191
18896198099.0495,-58.4849104039
18901200600.3001,-58.4547222812
18906203101.5508,-58.5257857721
18911205602.8014,-58.4888925529
18916208104.052,-58.4517507157
18921210605.3027,-58.4437955949
18926213106.5533,-58.4280961397
18931215607.8039,-58.5318295416
18936218109.0545,-58.6079323679
18941220610.3052,-58.6794412689
18946223111.5558,-58.877670189
18951225612.8064,-58.8996947761
18956228114.057,-59.0391150142
18961230615.3077,-59.1611252368
18966233116.5583,-59.2319318889
18971235617.8089,-59.2828043348
18976238119.0595,-59.2680906136
18981240620.3102,-59.3561850291
18986243121.5608,-59.309546608
18991245622.8114,-59.3234066658
18996248124.062,-59.3437537373
19001250625.3127,-59.4121206975
19006253126.5633,-59.4392151962
19011255627.8139,-59.5321744593
19016258129.0645,-59.6168425106
19021260630.3152,-59.5436771146
19026263131.5658,-59.7614652544
19031265632.8164,-59.6990609134
19036268134.067,-59.8214362808
19041270635.3177,-59.9161609716
19046273136.5683,-60.0261349636
19051275637.8189,-60.1658802155
19056278139.0695,-60.23533045
19061280640.3202,-60.3482517547
19066283141.5708,-60.3709114586
19071285642.8214,-60.361627321
19076288144.072,-60.4669597494
19081290645.3227,-60.5077957101
19086293146.5733,-60.5464610189
19091295647.8239,-60.5290809839
19096298149.0745,-60.4591502236
19101300650.3252,-60.4798619548
19106303151.5758,-60.4921172879
19111305652.8264,-60.4971229183
19116308154.077,-60.4242165578
19121310655.3277,-60.457754774
19126313156.5783,-60.3261031119
19131315657.8289,-60.3112316917
19136318159.0795,-60.3664908473
19141320660.3302,-60.3639528778
19146323161.5808,-60.3521148576
19151325662.8314,-60.3224797483
19156328164.082,-60.3407652768
19161330665.3327,-60.2902201761
19166333166.5833,-60.2581617822
19171335667.8339,-60.3162307667
19176338169.0845,-60.3889361473
19181340670.3352,-60.3381950762
19186343171.5858,-60.4461405743
19191345672.8364,-60.3832258198
19196348174.087,-60.5133715105
19201350675.3377,-60.5672312701
19206353176.5883,-60.5839076866
19211355677.8389,-60.6357224917
19216358179.0895,-60.5501544755
19221360680.3402,-60.6018309447
19226363181.5908,-60.5721595108
19231365682.8414,-60.5489952891
19236368184.092,-60.5302777283
19241370685.3427,-60.5227114518
19246373186.5933,-60.4673246354
19251375687.8439,-60.5008316445
19256378189.0945,-60.4271666419
19261380690.3452,-60.493928868
19266383191.5958,-60.4462782765
19271385692.8464,-60.5149916453
19276388194.0971,-60.619022733
19281390695.3477,-60.6493404441
19286393196.5983,-60.6572331058
19291395697.8489,-60.6951157331
19296398199.0995,-60.6217501985
19301400700.3502,-60.6453322617
19306403201.6008,-60.493934749
19311405702.8514,-60.4471714331
19316408204.1021,-60.36328165
19321410705.3527,-60.2783603347
19326413206.6033,-60.2423901373
19331415707.8539,-60.1589493462
19336418209.1046,-60.243999808
19341420710.3552,-60.2907411254
19346423211.6058,-60.2554331752
19351425712.8564,-60.3198733409
19356428214.1071,-60.4998270195
19361430715.3577,-60.4467717281
19366433216.6083,-60.4779798071
19371435717.8589,-60.6621896524
19376438219.1096,-60.5572943494
19381440720.3602,-60.6522175996
19386443221.6108,-60.6584550755
19391445722.8614,-60.5916340964
19396448224.1121,-60.5843588486
19401450725.3627,-60.5930956281
19406453226.6133,-60.5561061125
19411455727.8639,-60.6330111454
19416458229.1146,-60.632018133
19421460730.3652,-60.6964631926
19426463231.6158,-60.6793115102
19431465732.8664,-60.706135008
19436468234.1171,-60.6677784693
19441470735.3677,-60.6813017282
19446473236.6183,-60.686863628
19451475737.8689,-60.63186788
19456478239.1196,-60.593667259
19461480740.3702,-60.5242784534
19466483241.6208,-60.5388831617
19471485742.8714,-60.5353053153
19476488244.1221,-60.4181550032
19481490745.3727,-60.4133711134
19486493246.6233,-60.2697226737
19491495747.8739,-60.2794926638
19496498249.1246,-60.1257221336
19501500750.3752,-60.1392581403
19506503251.6258,-60.0584378486
19511505752.8764,-60.1023564656
19516508254.1271,-60.0288243641
19521510755.3777,-60.0671249394
19526513256.6283,-60.0792305761
19531515757.8789,-60.0981848054
19536518259.1296,-60.0968278644
19541520760.3802,-60.0183127975
19546523261.6308,-60.0741328461
19551525762.8814,-60.1564860245
19556528264.1321,-60.0751542428
19561530765.3827,-59.9576596673
19566533266.6333,-60.0092602019
19571535767.8839,-59.9156851066
19576538269.1346,-59.8134863688
19581540770.3852,-59.6840023598
19586543271.6358,-59.7448287579
19591545772.8864,-59.6021543862
19596548274.1371,-59.493814815
19601550775.3877,-59.4914181581
19606553276.6383,-59.3126782532
19611555777.8889,-59.3105241308
19616558279.1396,-59.2341398956
19621560780.3902,-59.2324079093
19626563281.6408,-59.1436829912
19631565782.8914,-59.1533471838
19636568284.1421,-59.2191185718
19641570785.3927,-59.2004620247
19646573286.6433,-59.3712303754
19651575787.8939,-59.4280479633
19656578289.1446,-59.4709258461
19661580790.3952,-59.4009530748
19666583291.6458,-59.512836728
19671585792.8964,-59.5426465098
19676588294.1471,-59.5446271232
19681590795.3977,-59.4437759805
19686593296.6483,-59.3571616262
19691595797.8989,-59.2989983961
19696598299.1496,-59.2099399432
19701600800.4002,-59.1257676419
19706603301.6508,-58.9942716654
19711605802.9015,-59.0336621431
19716608304.1521,-59.0379001356
19721610805.4027,-59.2138342337
19726613306.6533,-59.2072511391
19731615807.904,-59.442816077
19736618309.1546,-59.4924139355
19741620810.4052,-59.6194191062
19746623311.6558,-59.7730219469
19751625812.9065,-59.7053368702
19756628314.1571,-59.7643655464
19761630815.4077,-59.7798995778
19766633316.6583,-59.6620365081
19771635817.909,-59.5355037672
19776638319.1596,-59.4324746046
19781640820.4102,-59.3932445986
19786643321.6608,-59.2111004512
19791645822.9115,-59.2040606159
19796648324.1621,-59.2193360563
19801650825.4127,-59.2839979395
19806653326.6633,-59.4676723239
19811655827.914,-59.5605265789
19816658329.1646,-59.6048691616
19821660830.4152,-59.7359739442
19826663331.6658,-59.8643416694
19831665832.9165,-59.9021275688
19836668334.1671,-59.9576531252
19841670835.4177,-59.9779113635
19846673336.6683,-60.0106013891
19851675837.919,-59.9597174323
19856678339.1696,-59.8219687536
19861680840.4202,-59.8604256077
19866683341.6708,-59.8039028804
19871685842.9215,-59.8782449325
19876688344.1721,-59.9614904196
19881690845.4227,-60.0836210693
19886693346.6733,-60.1869580858
19891695847.924,-60.3543717577
19896698349.1746,-60.4779437705
19901700850.4252,-60.6396284353
19906703351.6758,-60.8395331532
19911705852.9265,-61.0586928252
19916708354.1771,-61.1315456274
19921710855.4277,-61.2675063631
19926713356.6783,-61.2648521756
19931715857.929,-61.3109202913
19936718359.1796,-61.3335943763
19941720860.4302,-61.2441381616
19946723361.6808,-61.2092761525
19951725862.9315,-61.0965146361
19956728364.1821,-61.056303458
19961730865.4327,-60.9550175145
19966733366.6833,-60.8592162259
19971735867.934,-60.9403453217
19976738369.1846,-60.9220626868
19981740870.4352,-60.9858458179
19986743371.6858,-61.1107126726
19991745872.9365,-61.1708506388
19996748374.1871,-61.3427252857
20001750875.4377,-61.4104160218
20006753376.6883,-61.528493436
20011755877.939,-61.5349923372
20016758379.1896,-61.5282879865
20021760880.4402,-61.4914285054
20026763381.6908,-61.4521641676
20031765882.9415,-61.3461711072
20036768384.1921,-61.2386049534
20041770885.4427,-61.1577278374
20046773386.6933,-61.0715293131
20051775887.944,-60.9391840806
20056778389.1946,-60.8177180896
20061780890.4452,-60.7536597144
20066783391.6958,-60.781899478
20071785892.9465,-60.6800887738
20076788394.1971,-60.6775094923
20081790895.4477,-60.8777879649
20086793396.6983,-60.8456570444
20091795897.949,-60.8734237253
20096798399.1996,-60.9384546172
20101800900.4502,-60.9220973148
20106803401.7009,-61.0052779302
20111805902.9515,-60.9184474398
20116808404.2021,-60.8952417794
20121810905.4527,-60.7135379161
20126813406.7034,-60.6401136501
20131815907.954,-60.5925497274
20136818409.2046,-60.368402926
20141820910.4552,-60.1268690183
20146823411.7059,-59.9567128651
20151825912.9565,-59.7198430432
20156828414.2071,-59.5773465153
20161830915.4577,-59.4458297355
20166833416.7084,-59.3503736302
20171835917.959,-59.3518251434
20176838419.2096,-59.4117452675
20181840920.4602,-59.4955732965
20186843421.7109,-59.467574692
20191845922.9615,-59.5684894654
20196848424.2121,-59.6193922456
20201850925.4627,-59.6203498457
20206853426.7134,-59.6328244806
20211855927.964,-59.6253040132
20216858429.2146,-59.5695451309
20221860930.4652,-59.4541543864
20226863431.7159,-59.3275689723
20231865932.9665,-59.222341271
20236868434.2171,-59.1398830017
20241870935.4677,-59.0672856166
20246873436.7184,-58.9803045016
20251875937.969,-58.9497384446
20256878439.2196,-59.0418088422
20261880940.4702,-59.2296776845
20266883441.7209,-59.4134477546
20271885942.9715,-59.4832682501
20276888444.2221,-59.571363766
20281890945.4727,-59.5840333223
20286893446.7234,-59.4474695643
20291895947.974,-59.3678705742
20296898449.2246,-59.1024054395
20301900950.4752,-58.8841544261
20306903451.7259,-58.7377578468
20311905952.9765,-58.5453434187
20316908454.2271,-58.2415417508
20321910955.4777,-58.0033311649
20326913456.7284,-57.8739394798
20331915957.979,-57.8040533323
20336918459.2296,-57.7386975552
20341920960.4802,-57.7235156419
20346923461.7309,-57.8262535203
20351925962.9815,-57.9589322305
20356928464.2321,-58.1678399558
20361930965.4827,-58.3553303588
20366933466.7334,-58.6008765207
20371935967.984,-58.8569568732
20376938469.2346,-58.9946788907
20381940970.4852,-59.0791984862
20386943471.7359,-59.2255454661
20391945972.9865,-59.2422613293
20396948474.2371,-59.2801061245
20401950975.4877,-59.189316982
20406953476.7384,-59.0591135003
20411955977.989,-59.0142211255
20416958479.2396,-58.9424682498
20421960980.4902,-58.9097354004
20426963481.7409,-59.0567974795
20431965982.9915,-59.0163040222
20436968484.2421,-59.0700305058
20441970985.4927,-59.3255517559
20446973486.7434,-59.4819198079
20451975987.994,-59.6234919728
20456978489.2446,-59.7751814225
20461980990.4952,-59.8356880303
20466983491.7459,-60.009590787
20471985992.9965,-60.0534011265
20476988494.2471,-60.086576662
20481990995.4977,-60.0550033614
20486993496.7484,-60.0878543386
20491995997.999,-60.0268383119
20496998499.2496,-59.9396696662
20502001000.5003,-59.9233359997
20507003501.7509,-59.9046226188
20512006003.0015,-59.9094662309
20517008504.2521,-59.8379456335
20522011005.5028,-59.8635128925
20527013506.7534,-59.9956316647
20532016008.004,-60.151616099
20537018509.2546,-60.378344462
20542021010.5053,-60.5307009491
20547023511.7559,-60.654198476
20552026013.0065,-60.8421829759
20557028514.2571,-60.9188061492
20562031015.5078,-60.9852810062
20567033516.7584,-60.9778759274
20572036018.009,-60.9932832603
20577038519.2596,-61.0601533158
20582041020.5103,-60.9653257169
20587043521.7609,-60.8383218557
20592046023.0115,-60.743909706
20597048524.2621,-60.6557464303
20602051025.5128,-60.6344991841
20607053526.7634,-60.648774608
20612056028.014,-60.5777312489
20617058529.2646,-60.6075938148
20622061030.5153,-60.6286009565
20627063531.7659,-60.6473671868
20632066033.0165,-60.6302756228
20637068534.2671,-60.5914258734
20642071035.5178,-60.6839971801
20647073536.7684,-60.6392729616
20652076038.019,-60.6084622815
20657078539.2696,-60.5110685269
20662081040.5203,-60.4866862106
20667083541.7709,-60.5360435839
20672086043.0215,-60.330014235
20677088544.2721,-60.2648465222
20682091045.5228,-60.1718083554
20687093546.7734,-60.031832383
20692096048.024,-59.9217953198
20697098549.2746,-59.8296544161
20702101050.5253,-59.8015002174
20707103551.7759,-59.6245998452
20712106053.0265,-59.6556754316
20717108554.2771,-59.6288716203
20722111055.5278,-59.5601092022
20727113556.7784,-59.5165067036
20732116058.029,-59.4274971865
20737118559.2796,-59.4608367396
20742121060.5303,-59.3186045358
20747123561.7809,-59.2876971251
20752126063.0315,-59.1504647548
20757128564.2821,-59.1012586915
20762131065.5328,-59.0474542008
20767133566.7834,-58.9296575918
20772136068.034,-58.8026135657
20777138569.2846,-58.7519676861
20782141070.5353,-58.5536742623
20787143571.7859,-58.428435181
20792146073.0365,-58.3591724722
20797148574.2871,-58.2902564374
20802151075.5378,-58.2246745398
20807153576.7884,-58.2161358432
20812156078.039,-58.2335832081
20817158579.2896,-58.3498670482
20822161080.5403,-58.3781346942
20827163581.7909,-58.4057490948
20832166083.0415,-58.4410745481
20837168584.2921,-58.3253000428
20842171085.5428,-58.2718279391
20847173586.7934,-58.2073402867
20852176088.044,-58.0539710644
20857178589.2946,-57.9597054681
20862181090.5453,-57.8359483412
20867183591.7959,-57.7235490995
20872186093.0465,-57.5757960747
20877188594.2972,-57.582009768
20882191095.5478,-57.5036797632
20887193596.7984,-57.5601721906
20892196098.049,-57.5201586202
20897198599.2996,-57.6131045542
20902201100.5503,-57.7009746215
20907203601.8009,-57.839254985
20912206103.0515,-57.8474545167
20917208604.3022,-57.9573365638
20922211105.5528,-58.1012810252
20927213606.8034,-58.2257647518
20932216108.054,-58.4354595599
20937218609.3047,-58.675432224
20942221110.5553,-58.7515872231
20947223611.8059,-58.8394933861
20952226113.0565,-58.6618869186
20957228614.3072,-58.4924520896
20962231115.5578,-58.336913033
20967233616.8084,-58.2467232343
20972236118.059,-58.2182008397
20977238619.3097,-58.2348855711
20982241120.5603,-58.3006754929
20987243621.8109,-58.4368190955
20992246123.0615,-58.5410803173
20997248624.3122,-58.6408755631
21002251125.5628,-58.7682354786
21007253626.8134,-58.873193702
21012256128.064,-58.9169878185
21017258629.3147,-59.0214573921
21022261130.5653,-59.0298449845
21027263631.8159,-59.0292401734
21032266133.0665,-59.0630659353
21037268634.3172,-59.0194244777
21042271135.5678,-58.9116463927
21047273636.8184,-58.8978993327
21052276138.069,-58.8448274505
21057278639.3197,-58.8522515995
21062281140.5703,-58.8062557309
21067283641.8209,-58.8159938618
21072286143.0715,-58.7806993894
21077288644.3222,-58.8560089215
21082291145.5728,-58.9502777258
21087293646.8234,-58.990032021
21092296148.074,-59.0815151867
21097298649.3247,-59.0580989696
21102301150.5753,-59.0898456836
21107303651.8259,-59.0218574149
21112306153.0765,-59.0425368906
21117308654.3272,-59.0301822027
21122311155.5778,-58.9744477567
21127313656.8284,-58.9516573813
21132316158.079,-58.9846402754
21137318659.3297,-58.9905990153
21142321160.5803,-58.9982782367
21147323661.8309,-58.8301168503
21152326163.0815,-58.9467225438
21157328664.3322,-58.8783522171
21162331165.5828,-58.8513621115
21167333666.8334,-58.8631990018
21172336168.084,-58.7817444975
21177338669.3347,-58.7506144357
21182341170.5853,-58.7691790563
21187343671.8359,-58.7967929945
21192346173.0865,-58.7576774861
21197348674.3372,-58.6643636658
21202351175.5878,-58.5280250973
21207353676.8384,-58.4629318341
21212356178.089,-58.4650840008
21217358679.3397,-58.3130386462
21222361180.5903,-58.1636651928
21227363681.8409,-58.1422706425
21232366183.0915,-58.056183027
21237368684.3422,-58.0873474267
21242371185.5928,-58.1154606596
21247373686.8434,-58.1000233439
21252376188.094,-58.175581681
21257378689.3447,-58.2188850955
21262381190.5953,-58.1955158692
21267383691.8459,-58.2681842121
21272386193.0966,-58.3743581769
21277388694.3472,-58.434992025
21282391195.5978,-58.4590643531
21287393696.8484,-58.5419687406
21292396198.099,-58.5664744135
21297398699.3497,-58.664531003
21302401200.6003,-58.5994878095
21307403701.8509,-58.6610065252
21312406203.1016,-58.8137617223
21317408704.3522,-58.8197100064
21322411205.6028,-58.8569936261
21327413706.8534,-58.8775135049
21332416208.1041,-58.8946637564
21337418709.3547,-58.8629119945
21342421210.6053,-58.8203118508
21347423711.8559,-58.7358925493
21352426213.1066,-58.7804545046
21357428714.3572,-58.7616677763
21362431215.6078,-58.6405031316
21367433716.8584,-58.6507119436
21372436218.1091,-58.5625609605
21377438719.3597,-58.5543312647
21382441220.6103,-58.5530926507
21387443721.8609,-58.4996615988
21392446223.1116,-58.4622959865
21397448724.3622,-58.4568024744
21402451225.6128,-58.4445770347
21407453726.8634,-58.4017341789
21412456228.1141,-58.4556577693
21417458729.3647,-58.3873417206
21422461230.6153,-58.4208484573
21427463731.8659,-58.3644855139
21432466233.1166,-58.4030680708
21437468734.3672,-58.3916347464
21442471235.6178,-58.4425057051
21447473736.8684,-58.4658226288
21452476238.1191,-58.5403901283
21457478739.3697,-58.5449057792
21462481240.6203,-58.5582857894
21467483741.8709,-58.5593417091
21472486243.1216,-58.5025336769
21477488744.3722,-58.5526171903
21482491245.6228,-58.5160392694
21487493746.8734,-58.4662733542
21492496248.1241,-58.4496015848
21497498749.3747,-58.3695850715
21502501250.6253,-58.3074288649
21507503751.8759,-58.2762826913
21512506253.1266,-58.3354034739
21517508754.3772,-58.3980751509
21522511255.6278,-58.482090894
21527513756.8784,-58.5417756948
21532516258.1291,-58.6684159362
21537518759.3797,-58.70532859
21542521260.6303,-58.7622548538
21547523761.8809,-58.8250521169
21552526263.1316,-58.8159001427
21557528764.3822,-58.8993233169
21562531265.6328,-58.8658604939
21567533766.8834,-58.7946710398
21572536268.1341,-58.7787704994
21577538769.3847,-58.6987675945
21582541270.6353,-58.7651515683
21587543771.8859,-58.7953574518
21592546273.1366,-58.8234739106
21597548774.3872,-58.9046784845
21602551275.6378,-59.0249364317
21607553776.8884,-59.0626347139
21612556278.1391,-59.1416101668
21617558779.3897,-59.2320866906
21622561280.6403,-59.3540408638
21627563781.8909,-59.3670642406
21632566283.1416,-59.3524828264
21637568784.3922,-59.3549063786
21642571285.6428,-59.3325954596
21647573786.8934,-59.3483703311
21652576288.1441,-59.2912529981
21657578789.3947,-59.3119326847
21662581290.6453,-59.2359957991
21667583791.8959,-59.2001405259
21672586293.1466,-59.1058613968
21677588794.3972,-59.1038727239
21682591295.6478,-59.167602395
21687593796.8984,-59.0667093167
21692596298.1491,-59.0709609329
21697598799.3997,-59.1814822173
21702601300.6503,-59.1469653658
21707603801.901,-59.1936152216
21712606303.1516,-59.270365598
21717608804.4022,-59.2574193494
21722611305.6528,-59.3338408435
21727613806.9035,-59.4027884118
21732616308.1541,-59.4473487753
21737618809.4047,-59.4017497366
21742621310.6553,-59.2714915602
21747623811.906,-59.3211423302
21752626313.1566,-59.275970446
21757628814.4072,-59.2389869769
21762631315.6578,-59.1694571392
21767633816.9085,-59.2428491329
21772636318.1591,-59.1752625763
21777638819.4097,-59.2555339306
21782641320.6603,-59.2877864968
21787643821.911,-59.4053809322
21792646323.1616,-59.4600696557
21797648824.4122,-59.5315686314
21802651325.6628,-59.5658416474
21807653826.9135,-59.5632038274
21812656328.1641,-59.6423061701
21817658829.4147,-59.5303443708
21822661330.6653,-59.5659281499
21827663831.916,-59.4847938404
21832666333.1666,-59.4187496283
21837668834.4172,-59.4501904219
21842671335.6678,-59.3472506559
21847673836.9185,-59.3008333517
21852676338.1691,-59.3406622468
21857678839.4197,-59.37987664
21862681340.6703,-59.3703803273
21867683841.921,-59.3738305099
21872686343.1716,-59.4511037303
21877688844.4222,-59.5542237538
21882691345.6728,-59.5087987073
21887693846.9235,-59.5536918266
21892696348.1741,-59.5562610963
21897698849.4247,-59.5735024488
21902701350.6753,-59.5073090241
21907703851.926,-59.4864018388
21912706353.1766,-59.4263427231
21917708854.4272,-59.384683597
21922711355.6778,-59.3957222572
21927713856.9285,-59.465069932
21932716358.1791,-59.519359801
21937718859.4297,-59.5694292835
21942721360.6803,-59.6856728502
21947723861.931,-59.7296274498
21952726363.1816,-59.8910831915
21957728864.4322,-59.9869239037
21962731365.6828,-60.1162391923
21967733866.9335,-60.2463103415
21972736368.1841,-60.3956756278
21977738869.4347,-60.509256413
21982741370.6853,-60.5968383723
21987743871.936,-60.7158897409
21992746373.1866,-60.7855146984
21997748874.4372,-60.9376615929
22002751375.6878,-60.9794134238
22007753876.9385,-60.9872947804
22012756378.1891,-61.0555862553
22017758879.4397,-61.1229107903
22022761380.6903,-61.2340448428
22027763881.941,-61.3172393027
22032766383.1916,-61.4341264478
22037768884.4422,-61.4467620563
22042771385.6928,-61.4190855069
22047773886.9435,-61.4380040358
22052776388.1941,-61.4283326265
22057778889.4447,-61.4353231335
22062781390.6953,-61.4958531464
22067783891.946,-61.4466379383
22072786393.1966,-61.5490177123
22077788894.4472,-61.4875719896
22082791395.6978,-61.5236625325
22087793896.9485,-61.4830703032
22092796398.1991,-61.5790301225
22097798899.4497,-61.4157701753
22102801400.7003,-61.3808401062
22107803901.951,-61.517985712
22112806403.2016,-61.432713814
22117808904.4522,-61.374025135
22122811405.7029,-61.4071062351
22127813906.9535,-61.3429408819
22132816408.2041,-61.2628030118
22137818909.4547,-61.3119761144
22142821410.7054,-61.2554818094
22147823911.956,-61.2325557975
22152826413.2066,-61.3472789684
22157828914.4572,-61.2970173184
22162831415.7079,-61.3299497231
22167833916.9585,-61.3188238049
22172836418.2091,-61.3294719044
22177838919.4597,-61.4105764614
22182841420.7104,-61.3749826098
22187843921.961,-61.364896374
22192846423.2116,-61.2575124146
22197848924.4622,-61.2003422728
22202851425.7129,-61.0323745825
22207853926.9635,-60.994473581
22212856428.2141,-60.8359188117
22217858929.4647,-60.6885177449
22222861430.7154,-60.6022812666
22227863931.966,-60.5787811925
22232866433.2166,-60.4312645403
22237868934.4672,-60.504028748
22242871435.7179,-60.4752345812
22247873936.9685,-60.5070290886
22252876438.2191,-60.4931042501
22257878939.4697,-60.4687914605
22262881440.7204,-60.5595516532
22267883941.971,-60.5928191212
22272886443.2216,-60.580283689
22277888944.4722,-60.5049012494
22282891445.7229,-60.3852369974
22287893946.9735,-60.2912930143
22292896448.2241,-60.0319540001
22297898949.4747,-59.9728366242
22302901450.7254,-59.7815291283
22307903951.976,-59.6211607391
22312906453.2266,-59.5983346476
22317908954.4772,-59.5486902383
22322911455.7279,-59.5445535351
22327913956.9785,-59.6934810416
22332916458.2291,-59.6978116138
22337918959.4797,-59.8708611786
22342921460.7304,-59.9198880001
22347923961.981,-59.9516403972
22352926463.2316,-59.9391118319
22357928964.4822,-59.9233544004
22362931465.7329,-59.8527026274
22367933966.9835,-59.7592748893
22372936468.2341,-59.588711569
22377938969.4847,-59.4439916749
22382941470.7354,-59.275144193
22387943971.986,-59.137770621
22392946473.2366,-58.9964962263
22397948974.4872,-58.9900069336
22402951475.7379,-58.991323543
22407953976.9885,-59.0325011752
22412956478.2391,-59.1078250884
22417958979.4897,-59.3063402442
22422961480.7404,-59.4855794553
22427963981.991,-59.6328475041
22432966483.2416,-59.6486735723
22437968984.4922,-59.7428749949
22442971485.7429,-59.8273550804
22447973986.9935,-59.7102478695
22452976488.2441,-59.6113133336
22457978989.4947,-59.6255349543
22462981490.7454,-59.4384970862
22467983991.996,-59.3799643321
22472986493.2466,-59.2853086868
22477988994.4973,-59.1797191068
22482991495.7479,-59.1771146985
22487993996.9985,-59.1475736974
22492996498.2491,-59.1435599916
22497998999.4997,-59.1858602495
22503001500.7504,-59.2724546327
22508004002.001,-59.403108136
22513006503.2516,-59.4532208941
22518009004.5023,-59.5403537054
22523011505.7529,-59.5576995394
22528014007.0035,-59.4746112886
22533016508.2541,-59.4605504479
22538019009.5048,-59.4342454592
22543021510.7554,-59.354493201
22548024012.006,-59.252953489
22553026513.2566,-59.1971821561
22558029014.5073,-59.1654453174
22563031515.7579,-59.0147441064
22568034017.0085,-58.9109274874
22573036518.2591,-58.8932801013
22578039019.5098,-58.7998344159
22583041520.7604,-58.8485618723
22588044022.011,-58.7890137058
22593046523.2616,-58.738173854
22598049024.5123,-58.8827693872
22603051525.7629,-58.9040331505
22608054027.0135,-59.0144179074
22613056528.2641,-59.0989124002
22618059029.5148,-59.1770730287
22623061530.7654,-59.2451823984
22628064032.016,-59.1930089625
22633066533.2666,-59.069662725
22638069034.5173,-59.0288873337
22643071535.7679,-58.9126636252
22648074037.0185,-58.8380703209
22653076538.2691,-58.700024077
22658079039.5198,-58.5806709003
22663081540.7704,-58.419036375
22668084042.021,-58.3448018916
22673086543.2716,-58.2922315424
22678089044.5223,-58.2155154292
22683091545.7729,-58.1516286604
22688094047.0235,-58.1701403453
22693096548.2741,-58.2137749653
22698099049.5248,-58.3094944926
22703101550.7754,-58.2940393248
22708104052.026,-58.3787862588
22713106553.2766,-58.4471175975
22718109054.5273,-58.4367018841
22723111555.7779,-58.3960126991
22728114057.0285,-58.4050936405
22733116558.2791,-58.3863113748
22738119059.5298,-58.2421677509
22743121560.7804,-58.2602157606
22748124062.031,-58.1365550816
22753126563.2816,-58.037229944
22758129064.5323,-57.8314488153
22763131565.7829,-57.6931670128
22768134067.0335,-57.5999506957
22773136568.2841,-57.5328997305
22778139069.5348,-57.4071696173
22783141570.7854,-57.5077910153
22788144072.036,-57.4377366241
22793146573.2866,-57.4173936677
22798149074.5373,-57.4745617898
22803151575.7879,-57.4330138071
22808154077.0385,-57.5127271383
22813156578.2891,-57.4673611247
22818159079.5398,-57.3544874216
22823161580.7904,-57.3748253887
22828164082.041,-57.2322450927
22833166583.2916,-57.046228189
22838169084.5423,-56.8450655078
22843171585.7929,-56.7554404775
22848174087.0435,-56.5406323127
22853176588.2941,-56.4084367432
22858179089.5448,-56.3344780766
22863181590.7954,-56.3803930894
22868184092.046,-56.4802183958
22873186593.2966,-56.6920897839
22878189094.5473,-56.8739024801
22883191595.7979,-57.1310297731
22888194097.0485,-57.268078678
22893196598.2991,-57.3326702823
22898199099.5498,-57.3836359581
22903201600.8004,-57.4670900002
22908204102.051,-57.439089153
22913206603.3017,-57.5627810186
22918209104.5523,-57.4847635633
22923211605.8029,-57.5247746514
22928214107.0535,-57.4936180168
22933216608.3042,-57.4321816491
22938219109.5548,-57.5541443066
22943221610.8054,-57.5357141221
22948224112.056,-57.520205836
22953226613.3067,-57.6021154636
22958229114.5573,-57.6540680746
22963231615.8079,-57.7096017422
22968234117.0585,-57.7741354129
22973236618.3092,-57.8110244237
22978239119.5598,-57.8640314783
22983241620.8104,-57.8820094603
22988244122.061,-57.9582356686
22993246623.3117,-57.9456959837
22998249124.5623,-58.0178727036
23003251625.8129,-58.1087890948
23008254127.0635,-58.071383952
23013256628.3142,-58.114922764
23018259129.5648,-58.1744779488
23023261630.8154,-58.2311548815
23028264132.066,-58.2034847852
23033266633.3167,-58.2900697925
23038269134.5673,-58.2628915148
23043271635.8179,-58.190230473
23048274137.0685,-58.2247341076
23053276638.3192,-58.3107637303
23058279139.5698,-58.4441737816
23063281640.8204,-58.4873657355
23068284142.071,-58.5711713636
23073286643.3217,-58.5174249245
23078289144.5723,-58.5509663896
23083291645.8229,-58.7070940686
23088294147.0735,-58.619288235
23093296648.3242,-58.6238367725
23098299149.5748,-58.6284219877
23103301650.8254,-58.6626125278
23108304152.076,-58.7636866962
23113306653.3267,-58.7894664691
23118309154.5773,-58.8213174532
23123311655.8279,-58.7786163789
23128314157.0785,-58.8732562279
23133316658.3292,-58.9662033988
23138319159.5798,-59.0005086893
23143321660.8304,-58.9125767657
23148324162.081,-58.9542111794
23153326663.3317,-58.9648849811
23158329164.5823,-58.912566986
23163331665.8329,-58.8877020824
23168334167.0835,-58.8972869122
23173336668.3342,-58.8858094887
23178339169.5848,-58.8065014776
23183341670.8354,-58.8104843066
23188344172.086,-58.8124351824
23193346673.3367,-58.8145036025
23198349174.5873,-58.6949503334
23203351675.8379,-58.6570048325
23208354177.0885,-58.6122261034
23213356678.3392,-58.5416792713
23218359179.5898,-58.4997710782
23223361680.8404,-58.393739997
23228364182.091,-58.3398053573
23233366683.3417,-58.3324528058
23238369184.5923,-58.3299834676
23243371685.8429,-58.2684538382
23248374187.0935,-58.2970847965
23253376688.3442,-58.2776862473
23258379189.5948,-58.2826082031
23263381690.8454,-58.2689354419
23268384192.096,-58.2272471753
23273386693.3467,-58.2175959709
23278389194.5973,-58.1739167042
23283391695.8479,-58.1023617976
23288394197.0985,-58.0007204998
23293396698.3492,-57.9492637108
23298399199.5998,-57.7727404275
23303401700.8504,-57.7919545692
23308404202.1011,-57.6541724753
23313406703.3517,-57.596323251
23318409204.6023,-57.5027667521
23323411705.8529,-57.4792318692
23328414207.1036,-57.3141447932
23333416708.3542,-57.296210597
23338419209.6048,-57.1537725371
23343421710.8554,-57.1488737944
23348424212.1061,-57.0765209295
23353426713.3567,-56.8821750798
23358429214.6073,-56.8468011643
23363431715.8579,-56.6753260832
23368434217.1086,-56.7370252074
23373436718.3592,-56.5492268631
23378439219.6098,-56.430181285
23383441720.8604,-56.3129391042
23388444222.1111,-56.3848664718
23393446723.3617,-56.3005102757
23398449224.6123,-56.2811261391
23403451725.8629,-56.2206130169
23408454227.1136,-56.1524221132
23413456728.3642,-56.1097874671
23418459229.6148,-56.0371422048
23423461730.8654,-55.9593942739
23428464232.1161,-55.9409265845
23433466733.3667,-55.862718026
23438469234.6173,-55.9149650157
23443471735.8679,-55.8468055517
23448474237.1186,-55.9270021398
23453476738.3692,-55.8623139297
23458479239.6198,-55.8846632879
23463481740.8704,-55.9009800082
23468484242.1211,-55.9433582585
23473486743.3717,-55.8850884547
23478489244.6223,-56.0251609397
23483491745.8729,-55.9912071653
23488494247.1236,-55.9302874585
23493496748.3742,-55.9358586005
23498499249.6248,-55.8826407722
23503501750.8754,-55.8299771424
23508504252.1261,-55.7894765085
23513506753.3767,-55.6751754256
23518509254.6273,-55.652265723
23523511755.8779,-55.6648860254
23528514257.1286,-55.6215064047
23533516758.3792,-55.6894274958
23538519259.6298,-55.6500993215
23543521760.8804,-55.6528747807
23548524262.1311,-55.7266981365
23553526763.3817,-55.8830362835
23558529264.6323,-56.0502707951
23563531765.8829,-55.9665222513
23568534267.1336,-56.155274344
23573536768.3842,-56.2501292978
23578539269.6348,-56.3084320333
23583541770.8854,-56.4641179689
23588544272.1361,-56.4982515694
23593546773.3867,-56.6055200238
23598549274.6373,-56.6054272357
23603551775.8879,-56.6777445351
23608554277.1386,-56.69336947
23613556778.3892,-56.6687312399
23618559279.6398,-56.7454251951
23623561780.8904,-56.8052509802
23628564282.1411,-56.8739292067
23633566783.3917,-56.9871992662
23638569284.6423,-57.0066798043
23643571785.8929,-57.144249941
23648574287.1436,-57.2372834249
23653576788.3942,-57.345975574
23658579289.6448,-57.4179015109
23663581790.8954,-57.476261685
23668584292.1461,-57.5747877283
23673586793.3967,-57.6921588384
23678589294.6473,-57.7064142402
23683591795.8979,-57.6978065406
23688594297.1486,-57.7944645866
23693596798.3992,-57.8730446668
23698599299.6498,-57.8541937556
23703601800.9005,-57.859865852
23708604302.1511,-57.8238538081
23713606803.4017,-57.9137720817
23718609304.6523,-57.8351175889
23723611805.903,-57.831697518
23728614307.1536,-57.8111031195
23733616808.4042,-57.8597965757
23738619309.6548,-57.8351917862
23743621810.9055,-57.8984724214
23748624312.1561,-58.0441557478
23753626813.4067,-58.0079699923
23758629314.6573,-58.0423874216
23763631815.908,-58.0563287426
23768634317.1586,-58.0958555542
23773636818.4092,-58.0028941168
23778639319.6598,-58.074138149
23783641820.9105,-58.0002114247
23788644322.1611,-57.9421009887
23793646823.4117,-57.8541609205
23798649324.6623,-57.8520461281
23803651825.913,-57.7363608024
23808654327.1636,-57.7512902118
23813656828.4142,-57.6151534857
23818659329.6648,-57.7287165719
23823661830.9155,-57.640703385
23828664332.1661,-57.7354519659
23833666833.4167,-57.7191209883
23838669334.6673,-57.7012308311
23843671835.918,-57.7300628451
23848674337.1686,-57.7767727738
23853676838.4192,-57.7848459228
23858679339.6698,-57.7627485572
23863681840.9205,-57.7371619439
23868684342.1711,-57.6791281104
23873686843.4217,-57.6708136636
23878689344.6723,-57.6370976544
23883691845.923,-57.5886687633
23888694347.1736,-57.4981776634
23893696848.4242,-57.509141251
23898699349.6748,-57.4275507783
23903701850.9255,-57.3946975707
23908704352.1761,-57.3527011374
23913706853.4267,-57.3337157762
23918709354.6773,-57.2984211478
23923711855.928,-57.304690711
23928714357.1786,-57.3242454907
23933716858.4292,-57.2766176257
23938719359.6798,-57.3404296118
23943721860.9305,-57.3958094588
23948724362.1811,-57.3588634361
23953726863.4317,-57.3911438407
23958729364.6823,-57.3461409846
23963731865.933,-57.3395740377
23968734367.1836,-57.2484712019
23973736868.4342,-57.1866949894
23978739369.6848,-57.0568949644
23983741870.9355,-56.9053798404
23988744372.1861,-56.8156810321
23993746873.4367,-56.6948374478
23998749374.6873,-56.5731309917
24003751875.938,-56.4764969779
24008754377.1886,-56.527373961
24013756878.4392,-56.4186360849
24018759379.6898,-56.3943775668
24023761880.9405,-56.3844975149
24028764382.1911,-56.440340518
24033766883.4417,-56.500188453
24038769384.6923,-56.5510408975
24043771885.943,-56.5024431988
24048774387.1936,-56.2839371247
24053776888.4442,-56.2407938226
24058779389.6948,-56.0894741821
24063781890.9455,-55.9177830125
24068784392.1961,-55.7219128073
24073786893.4467,-55.4164838831
24078789394.6974,-55.1143836987
24083791895.948,-54.9997336934
24088794397.1986,-54.7398533171
24093796898.4492,-54.5337836165
24098799399.6998,-54.4663060826
24103801900.9505,-54.4496679171
24108804402.2011,-54.4618165975
24113806903.4517,-54.4465826148
24118809404.7024,-54.4545055647
24123811905.953,-54.5799028009
24128814407.2036,-54.6213713292
24133816908.4542,-54.6020284322
24138819409.7049,-54.5710605305
24143821910.9555,-54.543064566
24148824412.2061,-54.4534297711
24153826913.4567,-54.3360456029
24158829414.7074,-54.2309501625
24163831915.958,-54.0297703763
24168834417.2086,-54.0062335595
24173836918.4592,-53.9460649314
24178839419.7099,-53.8588998182
24183841920.9605,-53.8930579102
24188844422.2111,-54.0278043521
24193846923.4617,-54.1535050042
24198849424.7124,-54.445514131
24203851925.963,-54.5892150565
24208854427.2136,-54.858109417
24213856928.4642,-55.0175007997
24218859429.7149,-55.2137370486
24223861930.9655,-55.3400415021
24228864432.2161,-55.3703647126
24233866933.4667,-55.4716377546
24238869434.7174,-55.4195384764
24243871935.968,-55.4427223864
24248874437.2186,-55.4442764813
24253876938.4692,-55.349367429
24258879439.7199,-55.4601842355
24263881940.9705,-55.3255649462
24268884442.2211,-55.4041241763
24273886943.4717,-55.444329973
24278889444.7224,-55.5983068257
24283891945.973,-55.6218053905
24288894447.2236,-55.7457625108
24293896948.4742,-55.8628108724
24298899449.7249,-55.9670553072
24303901950.9755,-56.0926572577
24308904452.2261,-56.1381654264
24313906953.4767,-56.2536124485
24318909454.7274,-56.3369582955
24323911955.978,-56.2872775276
24328914457.2286,-56.2927905156
24333916958.4792,-56.3681690537
24338919459.7299,-56.4186768072
24343921960.9805,-56.3833926116
24348924462.2311,-56.418808595
24353926963.4817,-56.3485693532
24358929464.7324,-56.3822548003
24363931965.983,-56.4379587824
24368934467.2336,-56.3964098288
24373936968.4842,-56.5355582596
24378939469.7349,-56.571730338
24383941970.9855,-56.5211115273
24388944472.2361,-56.5074534295
24393946973.4867,-56.4851788855
24398949474.7374,-56.5822970117
24403951975.988,-56.5297639567
24408954477.2386,-56.5913919437
24413956978.4892,-56.5677699316
24418959479.7399,-56.5725836878
24423961980.9905,-56.5215006698
24428964482.2411,-56.468175693
24433966983.4917,-56.4071341992
24438969484.7424,-56.3412034319
24443971985.993,-56.3221599427
24448974487.2436,-56.2294599857
24453976988.4942,-56.2357991288
24458979489.7449,-56.0850583045
24463981990.9955,-56.0272541133
24468984492.2461,-56.0628558301
24473986993.4968,-56.1337297369
24478989494.7474,-56.1810011425
24483991995.998,-56.0785458046
24488994497.2486,-56.1089009847
24493996998.4992,-56.1009091291
24498999499.7499,-56.1733526103
24504002001.0005,-56.2148543023
24509004502.2511,-56.2362175184
24514007003.5018,-56.2441833016
24519009504.7524,-56.1669683798
24524012006.003,-56.1227579216
24529014507.2536,-56.0616078207
24534017008.5043,-56.0110397461
24539019509.7549,-55.9753314089
24544022011.0055,-56.030775552
24549024512.2561,-55.9329397078
24554027013.5068,-55.9230368901
24559029514.7574,-55.9091224458
24564032016.008,-56.0005016469
24569034517.2586,-56.0289434171
24574037018.5093,-56.1278561288
24579039519.7599,-56.1169842935
24584042021.0105,-56.2391285696
24589044522.2611,-56.215995226
24594047023.5118,-56.1891175041
24599049524.7624,-56.1773285644
24604052026.013,-56.1401501585
24609054527.2636,-56.0780814626
24614057028.5143,-56.0081002811
24619059529.7649,-55.9291698731
24624062031.0155,-55.8655917906
24629064532.2661,-55.6939126718
24634067033.5168,-55.6361556047
24639069534.7674,-55.5982658162
24644072036.018,-55.6144395434
24649074537.2686,-55.6347712932
24654077038.5193,-55.6090358224
24659079539.7699,-55.7161735646
24664082041.0205,-55.7892102959
24669084542.2711,-55.7945361818
24674087043.5218,-55.7952909815
24679089544.7724,-55.7640178904
24684092046.023,-55.6886121588
24689094547.2736,-55.5432039266
24694097048.5243,-55.5408221653
24699099549.7749,-55.361396493
24704102051.0255,-55.2581772724
24709104552.2761,-55.0463929743
24714107053.5268,-54.9378080927
24719109554.7774,-54.7501454199
24724112056.028,-54.7142073892
24729114557.2786,-54.6086315103
24734117058.5293,-54.6269899863
24739119559.7799,-54.7646899938
24744122061.0305,-54.8262557249
24749124562.2811,-54.8701095866
24754127063.5318,-54.9596667936
24759129564.7824,-55.0358821641
24764132066.033,-55.0546654898
24769134567.2836,-55.0216417437
24774137068.5343,-55.0685972072
24779139569.7849,-54.992359964
24784142071.0355,-54.7463212054
24789144572.2861,-54.5565212551
24794147073.5368,-54.2739905883
24799149574.7874,-54.0767662922
24804152076.038,-53.7720292393
24809154577.2886,-53.5792580709
24814157078.5393,-53.3826267111
24819159579.7899,-53.3097359458
24824162081.0405,-53.3580703203
24829164582.2911,-53.3115358967
24834167083.5418,-53.447250855
24839169584.7924,-53.5397966635
24844172086.043,-53.6818362403
24849174587.2936,-53.7589321429
24854177088.5443,-53.8925051734
24859179589.7949,-53.9779866178
24864182091.0455,-54.0668200125
24869184592.2961,-54.0205783635
24874187093.5468,-54.0627523508
24879189594.7974,-54.0698330076
24884192096.048,-53.9777296558
24889194597.2986,-53.9449551195
24894197098.5493,-53.8449058898
24899199599.7999,-53.8593770305
24904202101.0505,-53.8814488893
24909204602.3012,-53.9233014938
24914207103.5518,-54.1266056208
24919209604.8024,-54.1788524377
24924212106.053,-54.3411212515
24929214607.3037,-54.4424831508
24934217108.5543,-54.585552735
24939219609.8049,-54.7263760293
24944222111.0555,-54.8424018417
24949224612.3062,-54.9870326393
24954227113.5568,-54.9023069068
24959229614.8074,-55.1026777146
24964232116.058,-55.123369109
24969234617.3087,-55.1042126472
24974237118.5593,-55.1091979371
24979239619.8099,-55.0445669975
24984242121.0605,-55.0810554537
24989244622.3112,-55.0197406622
24994247123.5618,-54.9745535309
24999249624.8124,-54.9472718523
25004252126.063,-54.9187097503
25009254627.3137,-54.9070197922
25014257128.5643,-54.9416607313
25019259629.8149,-55.018829922
25024262131.0655,-55.116721862
25029264632.3162,-55.1095875079
25034267133.5668,-55.1756137824
25039269634.8174,-55.2448188488
25044272136.068,-55.1643404383
25049274637.3187,-55.2117291048
25054277138.5693,-55.1683917684
25059279639.8199,-55.2234454569
25064282141.0705,-55.1384938348
25069284642.3212,-55.0739572336
25074287143.5718,-55.0446225692
25079289644.8224,-54.956717754
25084292146.073,-54.9215417859
25089294647.3237,-54.8986154327
25094297148.5743,-54.9893378403
25099299649.8249,-54.9107897485
25104302151.0755,-55.0307365045
25109304652.3262,-55.0659369339
25114307153.5768,-55.131260163
25119309654.8274,-55.1627266942
25124312156.078,-55.2399262225
25129314657.3287,-55.3045538724
25134317158.5793,-55.2947781091
25139319659.8299,-55.297729289
25144322161.0805,-55.4131951024
25149324662.3312,-55.2710237816
25154327163.5818,-55.350082423
25159329664.8324,-55.2415057734
25164332166.083,-55.2574897275
25169334667.3337,-55.2559571572
25174337168.5843,-55.2570841135
25179339669.8349,-55.1894458679
25184342171.0855,-55.1974841914
25189344672.3362,-55.1942240725
25194347173.5868,-55.1819676055
25199349674.8374,-55.302584984
25204352176.088,-55.3468915703
25209354677.3387,-55.3717786056
25214357178.5893,-55.3798637301
25219359679.8399,-55.4440931991
25224362181.0905,-55.4504333149
25229364682.3412,-55.4939967274
25234367183.5918,-55.502114334
25239369684.8424,-55.4510896003
25244372186.093,-55.5217204204
25249374687.3437,-55.4270467562
25254377188.5943,-55.3772329807
25259379689.8449,-55.3042301292
25264382191.0955,-55.1827961364
25269384692.3462,-55.2315422603
25274387193.5968,-55.2007762441
25279389694.8474,-55.1584565754
25284392196.098,-55.2025866144
25289394697.3487,-55.1514495137
25294397198.5993,-55.1521481725
25299399699.8499,-55.2074633642
25304402201.1005,-55.1329807603
25309404702.3512,-55.0775827468
25314407203.6018,-55.0191732434
25319409704.8524,-55.0382985925
25324412206.1031,-54.9819452898
25329414707.3537,-54.9135915937
25334417208.6043,-54.825068241
25339419709.8549,-54.7258855224
25344422211.1056,-54.64887253
25349424712.3562,-54.5525570718
25354427213.6068,-54.4736584836
25359429714.8574,-54.464640755
25364432216.1081,-54.4220874729
25369434717.3587,-54.3668515206
25374437218.6093,-54.3706412671
25379439719.8599,-54.3640280648
25384442221.1106,-54.2929246404
25389444722.3612,-54.3092658576
25394447223.6118,-54.232152429
25399449724.8624,-54.1443699811
25404452226.1131,-54.1518691312
25409454727.3637,-54.081683859
25414457228.6143,-53.9746144058
25419459729.8649,-53.9379523459
25424462231.1156,-53.9263464388
25429464732.3662,-53.8593806655
25434467233.6168,-53.8112184244
25439469734.8674,-53.6488169965
25444472236.1181,-53.6710088356
25449474737.3687,-53.5227974229
25454477238.6193,-53.5527353407
25459479739.8699,-53.511411849
25464482241.1206,-53.38022623
25469484742.3712,-53.3538104972
25474487243.6218,-53.3469206171
25479489744.8724,-53.2288660606
25484492246.1231,-53.1665357992
25489494747.3737,-53.195539097
25494497248.6243,-53.1830821513
25499499749.8749,-53.0534595722
25504502251.1256,-53.0609069495
25509504752.3762,-53.0238019056
25514507253.6268,-52.9462909992
25519509754.8774,-52.8730172711
25524512256.1281,-52.8310396206
25529514757.3787,-52.8429712738
25534517258.6293,-52.856538773
25539519759.8799,-52.9138682213
25544522261.1306,-52.930374708
25549524762.3812,-53.023564997
25554527263.6318,-53.0970015673
25559529764.8824,-53.1315676834
25564532266.1331,-53.2265538096
25569534767.3837,-53.3360515571
25574537268.6343,-53.426817045
25579539769.8849,-53.473140947
25584542271.1356,-53.5874464603
25589544772.3862,-53.6751528873
25594547273.6368,-53.6364582014
25599549774.8874,-53.7759257177
25604552276.1381,-53.8624735148
25609554777.3887,-53.8850241673
25614557278.6393,-54.0288335769
25619559779.8899,-54.0568375158
25624562281.1406,-54.1798024375
25629564782.3912,-54.2481665564
25634567283.6418,-54.2540154088
25639569784.8924,-54.4014090801
25644572286.1431,-54.364980295
25649574787.3937,-54.463203232
25654577288.6443,-54.3785726049
25659579789.8949,-54.3792257664
25664582291.1456,-54.3793143946
25669584792.3962,-54.3343880377
25674587293.6468,-54.312255468
25679589794.8974,-54.3043635582
25684592296.1481,-54.2903313259
25689594797.3987,-54.3300401533
25694597298.6493,-54.3536299818
25699599799.8999,-54.3829168027
25704602301.1506,-54.3842710584
25709604802.4012,-54.3905745547
25714607303.6518,-54.384861865
25719609804.9025,-54.4614261754
25724612306.1531,-54.3666303047
25729614807.4037,-54.3602371706
25734617308.6543,-54.3391513753
25739619809.905,-54.405961246
25744622311.1556,-54.3320373172
25749624812.4062,-54.3995584849
25754627313.6568,-54.4500263384
25759629814.9075,-54.50465987
25764632316.1581,-54.6300442211
25769634817.4087,-54.6371653684
25774637318.6593,-54.7410505437
25779639819.91,-54.67702435
25784642321.1606,-54.7221770708
25789644822.4112,-54.8345122017
25794647323.6618,-54.9103739352
25799649824.9125,-54.980173178
25804652326.1631,-55.0438216237
25809654827.4137,-55.0832373303
25814657328.6643,-55.1595481284
25819659829.915,-55.1786489976
25824662331.1656,-55.2645111567
25829664832.4162,-55.369633389
25834667333.6668,-55.3581069686
25839669834.9175,-55.4114855763
25844672336.1681,-55.3478838484
25849674837.4187,-55.3858056977
25854677338.6693,-55.4662155627
25859679839.92,-55.4311492274
25864682341.1706,-55.4404884987
25869684842.4212,-55.4700132895
25874687343.6718,-55.4460747658
25879689844.9225,-55.4554226636
25884692346.1731,-55.4680250964
25889694847.4237,-55.4442707948
25894697348.6743,-55.5232049758
25899699849.925,-55.5138256274
25904702351.1756,-55.5435223954
25909704852.4262,-55.6120021888
25914707353.6768,-55.5595083821
25919709854.9275,-55.5752179393
25924712356.1781,-55.5932335152
25929714857.4287,-55.5352146782
25934717358.6793,-55.4685120497
25939719859.93,-55.5521498357
25944722361.1806,-55.4423366202
25949724862.4312,-55.4215104194
25954727363.6818,-55.3496739674
25959729864.9325,-55.2977916973
25964732366.1831,-55.1831506894
25969734867.4337,-55.1008437511
25974737368.6843,-55.0326120307
25979739869.935,-55.0476019177
25984742371.1856,-54.9775986935
25989744872.4362,-54.986712196
25994747373.6868,-54.9019305613
25999749874.9375,-54.8670035858
26004752376.1881,-54.8882886817
26009754877.4387,-54.7739574165
26014757378.6893,-54.7012196252
26019759879.94,-54.5410667092
26024762381.1906,-54.4966826604
26029764882.4412,-54.3629960867
26034767383.6918,-54.2910418736
26039769884.9425,-54.0484459857
26044772386.1931,-54.0052448722
26049774887.4437,-53.8249890107
26054777388.6943,-53.7233519452
26059779889.945,-53.6597979342
26064782391.1956,-53.622486769
26069784892.4462,-53.5785932622
26074787393.6968,-53.5962676768
26079789894.9475,-53.5334576879
26084792396.1981,-53.482447177
26089794897.4487,-53.4960367078
26094797398.6993,-53.430189487
26099799899.95,-53.3221829243
26104802401.2006,-53.2224810334
26109804902.4512,-53.1193122548
26114807403.7019,-53.1040472595
26119809904.9525,-52.9406016099
26124812406.2031,-52.7368709489
26129814907.4537,-52.6059346696
26134817408.7044,-52.4245233778
26139819909.955,-52.3097302911
26144822411.2056,-52.2464633067
26149824912.4562,-52.2498985836
26154827413.7069,-52.1939573521
26159829914.9575,-52.2016179034
26164832416.2081,-52.1843733563
26169834917.4587,-52.1495396215
26174837418.7094,-52.2323927164
26179839919.96,-52.2406559113
26184842421.2106,-52.1847009022
26189844922.4612,-52.1777750623
26194847423.7119,-52.0959037351
26199849924.9625,-52.0529136256
26204852426.2131,-52.0326402406
26209854927.4637,-51.9725704113
26214857428.7144,-51.8950516411
26219859929.965,-51.9388130885
26224862431.2156,-51.9009752006
26229864932.4662,-51.8609050977
26234867433.7169,-52.0200511264
26239869934.9675,-52.2555151647
26244872436.2181,-52.5162087427
26249874937.4687,-52.6646339152
26254877438.7194,-52.9446637488
26259879939.97,-53.1332823648
26264882441.2206,-53.3855898473
26269884942.4712,-53.5352577072
26274887443.7219,-53.6041942842
26279889944.9725,-53.6106500567
26284892446.2231,-53.7304691957
26289894947.4737,-53.6773506833
26294897448.7244,-53.6751674718
26299899949.975,-53.623633639
26304902451.2256,-53.5498692023
26309904952.4762,-53.5262348632
26314907453.7269,-53.565032142
26319909954.9775,-53.5469456708
26324912456.2281,-53.5221701347
26329914957.4787,-53.6423978844
26334917458.7294,-53.72688052
26339919959.98,-53.8651479781
26344922461.2306,-54.0016928926
26349924962.4812,-54.0936665605
26354927463.7319,-54.1849936787
26359929964.9825,-54.292136091
26364932466.2331,-54.3851726324
26369934967.4837,-54.4340124983
26374937468.7344,-54.4129687642
26379939969.985,-54.519804714
26384942471.2356,-54.5335826903
26389944972.4862,-54.4952869584
26394947473.7369,-54.5051318131
26399949974.9875,-54.3904300038
26404952476.2381,-54.2921006773
26409954977.4887,-54.2898408614
26414957478.7394,-54.2765333059
26419959979.99,-54.2506837869
26424962481.2406,-54.2510502295
26429964982.4912,-54.2741066325
26434967483.7419,-54.2526382343
26439969984.9925,-54.3948439065
26444972486.2431,-54.3284104476
26449974987.4937,-54.4034729362
26454977488.7444,-54.3905778811
26459979989.995,-54.4148678727
26464982491.2456,-54.4827054871
26469984992.4962,-54.4337384194
26474987493.7469,-54.3851154272
26479989994.9975,-54.3613753575
26484992496.2481,-54.3707265953
26489994997.4987,-54.3633719856
26494997498.7494,-54.2481740992
26500000000,-54.2495288864
