16500000000,-52.954657877
16505002501.2506,-52.687269716
16510005002.5013,-52.4820058182
16515007503.7519,-52.2088720021
16520010005.0025,-52.0688901531
16525012506.2531,-51.9674898817
16530015007.5038,-52.0764436765
16535017508.7544,-52.2945276875
16540020010.005,-52.7043056878
16545022511.2556,-53.0441725991
16550025012.5063,-53.4161040987
16555027513.7569,-53.8177048236
16560030015.0075,-54.1088861794
16565032516.2581,-54.3436464388
16570035017.5088,-54.4602558133
16575037518.7594,-54.5159149349
16580040020.01,-54.4710320032
16585042521.2606,-54.3057446876
16590045022.5113,-54.0835182683
16595047523.7619,-53.8489683551
16600050025.0125,-53.5813947874
16605052526.2631,-53.3528565508
16610055027.5138,-53.2159156312
16615057528.7644,-53.2261524751
16620060030.015,-53.3139175385
16625062531.2656,-53.432961997
16630065032.5163,-53.5768916258
16635067533.7669,-53.9088817661
16640070035.0175,-54.2291164869
16645072536.2681,-54.3534724667
16650075037.5188,-54.5410428485
16655077538.7694,-54.6247160795
16660080040.02,-54.6721955429
16665082541.2706,-54.6279798438
16670085042.5213,-54.4764267026
16675087543.7719,-54.3407703229
16680090045.0225,-54.2007089554
16685092546.2731,-53.8533167137
16690095047.5238,-53.5735607379
16695097548.7744,-53.4092536728
16700100050.025,-53.1598720505
16705102551.2756,-53.1013212992
16710105052.5263,-53.0691452436
16715107553.7769,-53.2637853546
16720110055.0275,-53.5356368553
16725112556.2781,-53.8219249264
16730115057.5288,-54.1858117277
16735117558.7794,-54.4706105479
16740120060.03,-54.6914154969
16745122561.2806,-54.8259165343
16750125062.5313,-54.9559383048
16755127563.7819,-54.8963745202
16760130065.0325,-54.7667698416
16765132566.2831,-54.4624030275
16770135067.5338,-54.1628313682
16775137568.7844,-53.8299939345
16780140070.035,-53.4850328045
16785142571.2856,-53.1845529245
16790145072.5363,-52.894238949
16795147573.7869,-52.8085234235
16800150075.0375,-52.9171143556
16805152576.2881,-53.1082165088
16810155077.5388,-53.3401949404
16815157578.7894,-53.7172956043
16820160080.04,-53.9388636618
16825162581.2906,-54.1965596432
16830165082.5413,-54.3961995283
16835167583.7919,-54.4778807072
16840170085.0425,-54.4663900261
16845172586.2931,-54.4854615204
16850175087.5438,-54.2348973324
16855177588.7944,-54.0587330671
16860180090.045,-53.7380465207
16865182591.2956,-53.419282907
16870185092.5463,-53.1340865203
16875187593.7969,-52.9582616502
16880190095.0475,-52.6227970288
16885192596.2981,-52.5802997664
16890195097.5488,-52.6656222765
16895197598.7994,-52.7647003259
16900200100.05,-52.9284886781
16905202601.3007,-53.146175152
16910205102.5513,-53.4179095546
16915207603.8019,-53.588981144
16920210105.0525,-53.7435446833
16925212606.3032,-53.8800501443
16930215107.5538,-53.9324462388
16935217608.8044,-53.9660678122
16940220110.055,-53.9199586096
16945222611.3057,-53.737106681
16950225112.5563,-53.6698249075
16955227613.8069,-53.430548766
16960230115.0575,-53.253068134
16965232616.3082,-53.1565977717
16970235117.5588,-53.0073121242
16975237618.8094,-52.8559461348
16980240120.06,-52.8892204874
16985242621.3107,-53.0256895108
16990245122.5613,-53.2186531517
16995247623.8119,-53.5015133305
17000250125.0625,-53.8134596127
17005252626.3132,-54.0356400373
17010255127.5638,-54.2039331843
17015257628.8144,-54.4041806338
17020260130.065,-54.4782281135
17025262631.3157,-54.4714534483
17030265132.5663,-54.454676745
17035267633.8169,-54.3613803836
17040270135.0675,-54.1262563705
17045272636.3182,-53.9437977811
17050275137.5688,-53.7239312679
17055277638.8194,-53.5326853811
17060280140.07,-53.3350815138
17065282641.3207,-53.1821128875
17070285142.5713,-53.1706655865
17075287643.8219,-53.2441788598
17080290145.0725,-53.464647794
17085292646.3232,-53.7114858495
17090295147.5738,-53.9160249221
17095297648.8244,-54.1069954163
17100300150.075,-53.883902578
17105302651.3257,-54.0128487655
17110305152.5763,-54.0810205547
17115307653.8269,-54.0458068862
17120310155.0775,-54.0484560367
17125312656.3282,-53.9557925868
17130315157.5788,-53.8579017918
17135317658.8294,-53.6368049869
17140320160.08,-53.4831972752
17145322661.3307,-53.2680140599
17150325162.5813,-53.1873235799
17155327663.8319,-53.1248257885
17160330165.0825,-53.178602414
17165332666.3332,-53.2481775221
17170335167.5838,-53.5526261917
17175337668.8344,-53.7387011034
17180340170.085,-54.0532188033
17185342671.3357,-54.4211237344
17190345172.5863,-54.7173226337
17195347673.8369,-54.9166531519
17200350175.0875,-55.1143041024
17205352676.3382,-55.2034393613
17210355177.5888,-55.2456990574
17215357678.8394,-55.1821552207
17220360180.09,-55.1050232878
17225362681.3407,-54.986338501
17230365182.5913,-54.8689174495
17235367683.8419,-54.7139860425
17240370185.0925,-54.6091676933
17245372686.3432,-54.5943414001
17250375187.5938,-54.7565931011
17255377688.8444,-54.8915546556
17260380190.095,-55.0750663008
17265382691.3457,-55.3753659302
17270385192.5963,-55.7085475074
17275387693.8469,-55.9972226973
17280390195.0975,-56.2367815847
17285392696.3482,-56.4020995158
17290395197.5988,-56.5049071124
17295397698.8494,-56.5657013145
17300400200.1001,-56.6335922573
17305402701.3507,-56.5406723477
17310405202.6013,-56.4142056507
17315407703.8519,-56.3713919466
17320410205.1026,-56.2174472184
17325412706.3532,-56.1541987311
17330415207.6038,-56.1116483701
17335417708.8544,-56.0213561855
17340420210.1051,-55.9877157009
17345422711.3557,-56.0304185743
17350425212.6063,-56.1681216708
17355427713.8569,-56.2119815927
17360430215.1076,-56.3834460477
17365432716.3582,-56.5216536453
17370435217.6088,-56.5982686348
17375437718.8594,-56.6774175717
17380440220.1101,-56.7039816328
17385442721.3607,-56.7691223613
17390445222.6113,-56.6918819603
17395447723.8619,-56.5877461086
17400450225.1126,-56.5247119687
17405452726.3632,-56.3533566138
17410455227.6138,-56.2801438502
17415457728.8644,-56.1621077763
17420460230.1151,-56.0485464721
17425462731.3657,-55.9889600651
17430465232.6163,-55.9422365164
17435467733.8669,-55.9766157003
17440470235.1176,-55.9945721837
17445472736.3682,-56.1562269489
17450475237.6188,-56.2165660282
17455477738.8694,-56.3236728157
17460480240.1201,-56.431721003
17465482741.3707,-56.4385061211
17470485242.6213,-56.4191380764
17475487743.8719,-56.3551501898
17480490245.1226,-56.2270602609
17485492746.3732,-56.1942147139
17490495247.6238,-56.0521488625
17495497748.8744,-55.9161711648
17500500250.1251,-55.7850651579
17505502751.3757,-55.6467599496
17510505252.6263,-55.486213699
17515507753.8769,-55.3778863013
17520510255.1276,-55.2721257356
17525512756.3782,-55.2992575361
17530515257.6288,-55.27666298
17535517758.8794,-55.3305219471
17540520260.1301,-55.301531733
17545522761.3807,-55.3479756701
17550525262.6313,-55.343161229
17555527763.8819,-55.335315444
17560530265.1326,-55.3063501542
17565532766.3832,-55.2240956099
17570535267.6338,-55.1605607148
17575537768.8844,-55.0558489852
17580540270.1351,-54.9783806426
17585542771.3857,-54.9526385348
17590545272.6363,-54.8305833557
17595547773.8869,-54.7276272334
17600550275.1376,-54.7133189087
17605552776.3882,-54.6461646256
17610555277.6388,-54.5778716075
17615557778.8894,-54.5917081318
17620560280.1401,-54.5889616384
17625562781.3907,-54.573727803
17630565282.6413,-54.5732867783
17635567783.8919,-54.5739825383
17640570285.1426,-54.685986438
17645572786.3932,-54.6833375571
17650575287.6438,-54.7569004385
17655577788.8944,-54.7726995366
17660580290.1451,-54.8838494025
17665582791.3957,-54.841005308
17670585292.6463,-54.9150825192
17675587793.897,-54.9183032427
17680590295.1476,-54.8735901208
17685592796.3982,-54.7935055109
17690595297.6488,-54.7644862586
17695597798.8994,-54.7190992755
17700600300.1501,-54.7726114707
17705602801.4007,-54.7821704864
17710605302.6513,-54.8052839864
17715607803.902,-54.8994157261
17720610305.1526,-54.9767627473
17725612806.4032,-55.0807000433
17730615307.6538,-55.1144731043
17735617808.9045,-55.2734511761
17740620310.1551,-55.4100992359
17745622811.4057,-55.4707783468
17750625312.6563,-55.5436025841
17755627813.907,-55.6309672929
17760630315.1576,-55.7680301685
17765632816.4082,-55.8703785935
17770635317.6588,-55.8973835809
17775637818.9095,-55.9859786612
17780640320.1601,-56.1066959742
17785642821.4107,-56.0587470461
17790645322.6613,-56.1739720416
17795647823.912,-56.1853109848
17800650325.1626,-56.2424821346
17805652826.4132,-56.2822060319
17810655327.6638,-56.3079248214
17815657828.9145,-56.4028901238
17820660330.1651,-56.5164026925
17825662831.4157,-56.7308788692
17830665332.6663,-56.9140483328
17835667833.917,-57.0842829128
17840670335.1676,-57.2732926224
17845672836.4182,-57.4985260545
17850675337.6688,-57.7432694211
17855677838.9195,-57.82515163
17860680340.1701,-57.9493959161
17865682841.4207,-58.0490995169
17870685342.6713,-58.1079800922
17875687843.922,-58.1413729838
17880690345.1726,-58.0842098645
17885692846.4232,-58.0813232215
17890695347.6738,-58.0754457012
17895697848.9245,-58.1004899943
17900700350.1751,-58.1514339324
17905702851.4257,-58.1365544237
17910705352.6763,-58.1981758244
17915707853.927,-58.3388271323
17920710355.1776,-58.4203411917
17925712856.4282,-58.5891208395
17930715357.6788,-58.613660085
17935717858.9295,-58.8365011375
17940720360.1801,-58.9651981146
17945722861.4307,-59.033908343
17950725362.6813,-59.0853073772
17955727863.932,-59.1547158242
17960730365.1826,-59.1432486811
17965732866.4332,-59.1994125192
17970735367.6838,-59.1807266166
17975737868.9345,-59.2134966696
17980740370.1851,-59.1802033596
17985742871.4357,-59.1691639166
17990745372.6863,-59.1131961521
17995747873.937,-59.0836039117
18000750375.1876,-59.0572414595
18005752876.4382,-59.0266653227
18010755377.6888,-59.0605777917
18015757878.9395,-59.0545930462
18020760380.1901,-59.0011168447
18025762881.4407,-59.0559462009
18030765382.6913,-58.9910534244
18035767883.942,-59.0000120171
18040770385.1926,-59.0341024981
18045772886.4432,-59.0281938247
18050775387.6938,-58.9901547954
18055777888.9445,-58.9407454939
18060780390.1951,-58.8977623267
18065782891.4457,-58.7195666216
18070785392.6964,-58.6435684716
18075787893.947,-58.4993658513
18080790395.1976,-58.3262432592
18085792896.4482,-58.1753979863
18090795397.6988,-58.0254181123
18095797898.9495,-57.8811260793
18100800400.2001,-57.7045537488
18105802901.4507,-57.6162597247
18110805402.7014,-57.5670815186
18115807903.952,-57.4506956243
18120810405.2026,-57.4118504197
18125812906.4532,-57.3294932754
18130815407.7039,-57.3059123404
18135817908.9545,-57.1984627294
18140820410.2051,-57.1343750246
18145822911.4557,-56.99975353
18150825412.7064,-56.9029449416
18155827913.957,-56.7288476002
18160830415.2076,-56.5691427529
18165832916.4582,-56.4469342554
18170835417.7089,-56.3686975949
18175837918.9595,-56.3108510262
18180840420.2101,-56.2152433706
18185842921.4607,-56.0592001356
18190845422.7114,-56.0173912621
18195847923.962,-55.9285559431
18200850425.2126,-55.8210332295
18205852926.4632,-55.7843074139
18210855427.7139,-55.7206558409
18215857928.9645,-55.6865940896
18220860430.2151,-55.6777103849
18225862931.4657,-55.644543588
18230865432.7164,-55.6564769428
18235867933.967,-55.576705437
18240870435.2176,-55.6363192113
18245872936.4682,-55.5060517872
18250875437.7189,-55.4014770418
18255877938.9695,-55.3029067584
18260880440.2201,-55.2308529026
18265882941.4707,-55.1393998499
18270885442.7214,-55.1321966526
18275887943.972,-55.1577145985
18280890445.2226,-55.1774705212
18285892946.4732,-55.2848981969
18290895447.7239,-55.334613709
18295897948.9745,-55.4394735971
18300900450.2251,-55.6056298232
18305902951.4757,-55.7641213258
18310905452.7264,-55.976634033
18315907953.977,-56.111148744
18320910455.2276,-56.2563064729
18325912956.4782,-56.3705841779
18330915457.7289,-56.4364357671
18335917958.9795,-56.4650918875
18340920460.2301,-56.4192324651
18345922961.4807,-56.4438186426
18350925462.7314,-56.4663345093
18355927963.982,-56.5418610458
18360930465.2326,-56.6179853441
18365932966.4832,-56.8452641557
18370935467.7339,-56.9580071752
18375937968.9845,-57.1389160776
18380940470.2351,-57.3524698171
18385942971.4857,-57.5482135043
18390945472.7364,-57.7689566239
18395947973.987,-57.9597773263
18400950475.2376,-58.0733012805
18405952976.4882,-58.2298203214
18410955477.7389,-58.3440037967
18415957978.9895,-58.4694643863
18420960480.2401,-58.5746528744
18425962981.4907,-58.534670085
18430965482.7414,-58.5767102182
18435967983.992,-58.6111485536
18440970485.2426,-58.6216061151
18445972986.4932,-58.6741647119
18450975487.7439,-58.722731394
18455977988.9945,-58.7203941567
18460980490.2451,-58.7819705391
18465982991.4957,-58.7896164758
18470985492.7464,-58.8799320503
18475987993.997,-58.9834192484
18480990495.2476,-59.060098334
18485992996.4982,-59.1307658029
18490995497.7489,-59.2591839595
18495997998.9995,-59.4302336458
18501000500.2501,-59.594106393
18506003001.5008,-59.5978494703
18511005502.7514,-59.7240223159
18516008004.002,-59.7744950458
18521010505.2526,-59.8201297442
18526013006.5033,-59.8197548817
18531015507.7539,-59.7961226622
18536018009.0045,-59.7750417084
18541020510.2551,-59.7406741278
18546023011.5058,-59.6866179795
18551025512.7564,-59.6573024414
18556028014.007,-59.621180762
18561030515.2576,-59.6326365
18566033016.5083,-59.6074654885
18571035517.7589,-59.644922287
18576038019.0095,-59.6945414247
18581040520.2601,-59.7740377194
18586043021.5108,-59.7592104767
18591045522.7614,-59.8574539825
18596048024.012,-59.8193548474
18601050525.2626,-59.868137885
18606053026.5133,-59.8704002263
18611055527.7639,-59.8437080225
18616058029.0145,-59.8422777051
18621060530.2651,-59.8319334445
18626063031.5158,-59.7907306862
18631065532.7664,-59.7800229847
18636068034.017,-59.6567779588
18641070535.2676,-59.5788404512
18646073036.5183,-59.5309586242
18651075537.7689,-59.4429837543
18656078039.0195,-59.3519224596
18661080540.2701,-59.3464286178
18666083041.5208,-59.3656600144
18671085542.7714,-59.2824326638
18676088044.022,-59.2835975104
18681090545.2726,-59.2667127045
18686093046.5233,-59.2867780669
18691095547.7739,-59.2686499607
18696098049.0245,-59.2271739987
18701100550.2751,-59.2127027795
18706103051.5258,-59.0739772639
18711105552.7764,-58.934731319
18716108054.027,-58.8523155091
18721110555.2776,-58.737054092
18726113056.5283,-58.6040727555
18731115557.7789,-58.5340807211
18736118059.0295,-58.4346611951
18741120560.2801,-58.3186235071
18746123061.5308,-58.2555197683
18751125562.7814,-58.2380501572
18756128064.032,-58.1797917208
18761130565.2826,-58.2395374237
18766133066.5333,-58.2019697327
18771135567.7839,-58.1669369239
18776138069.0345,-58.1356898253
18781140570.2851,-58.0699863417
18786143071.5358,-58.0033499221
18791145572.7864,-57.9222598453
18796148074.037,-57.807561752
18801150575.2876,-57.7382509052
18806153076.5383,-57.6697878327
18811155577.7889,-57.6059662655
18816158079.0395,-57.5404463575
18821160580.2901,-57.5235508195
18826163081.5408,-57.4214720881
18831165582.7914,-57.4517147611
18836168084.042,-57.3967111741
18841170585.2926,-57.4242962017
18846173086.5433,-57.4237890093
18851175587.7939,-57.3904616333
18856178089.0445,-57.3632643098
18861180590.2951,-57.4583299465
18866183091.5458,-57.3522267379
18871185592.7964,-57.3726244764
18876188094.047,-57.3862097754
18881190595.2976,-57.3687905562
18886193096.5483,-57.345207711
18891195597.7989,-57.3761215934
18896198099.0495,-57.4069210213
18901200600.3001,-57.3750451446
18906203101.5508,-57.3828658957
18911205602.8014,-57.366467647
18916208104.052,-57.3611903663
18921210605.3027,-57.3403328342
18926213106.5533,-57.3459865999
18931215607.8039,-57.4369424416
18936218109.0545,-57.4803882802
18941220610.3052,-57.5999191925
18946223111.5558,-57.7312621992
18951225612.8064,-57.8799490583
18956228114.057,-57.9714849993
18961230615.3077,-58.1156068628
18966233116.5583,-58.1768239993
18971235617.8089,-58.2453662326
18976238119.0595,-58.2682364668
18981240620.3102,-58.2944288124
18986243121.5608,-58.2824463224
18991245622.8114,-58.3425164191
18996248124.062,-58.3661014075
19001250625.3127,-58.358394666
19006253126.5633,-58.4115091566
19011255627.8139,-58.4931980819
19016258129.0645,-58.6112850937
19021260630.3152,-58.6412991992
19026263131.5658,-58.7284221803
19031265632.8164,-58.8791647759
19036268134.067,-58.9334157797
19041270635.3177,-59.0356731049
19046273136.5683,-59.1786815926
19051275637.8189,-59.2798813408
19056278139.0695,-59.3662370065
19061280640.3202,-59.4345169512
19066283141.5708,-59.5101942964
19071285642.8214,-59.5429893642
19076288144.072,-59.6151470438
19081290645.3227,-59.7052019177
19086293146.5733,-59.7178737094
19091295647.8239,-59.7544950246
19096298149.0745,-59.7698641429
19101300650.3252,-59.740674368
19106303151.5758,-59.7485966035
19111305652.8264,-59.705341103
19116308154.077,-59.7044077808
19121310655.3277,-59.6700799837
19126313156.5783,-59.652454856
19131315657.8289,-59.766945855
19136318159.0795,-59.7144067031
19141320660.3302,-59.6786230279
19146323161.5808,-59.6596801297
19151325662.8314,-59.6981697528
19156328164.082,-59.6925081465
19161330665.3327,-59.7400226651
19166333166.5833,-59.7734664406
19171335667.8339,-59.7429278562
19176338169.0845,-59.8498582391
19181340670.3352,-59.7913561973
19186343171.5858,-59.8782507341
19191345672.8364,-59.9082888083
19196348174.087,-59.8752132572
19201350675.3377,-59.9624027967
19206353176.5883,-60.014661219
19211355677.8389,-60.0193740222
19216358179.0895,-60.0134264821
19221360680.3402,-60.0573781966
19226363181.5908,-59.9742445936
19231365682.8414,-59.9698695048
19236368184.092,-59.9601794385
19241370685.3427,-59.9197979988
19246373186.5933,-59.93431615
19251375687.8439,-59.865944552
19256378189.0945,-59.8653306279
19261380690.3452,-59.8993527885
19266383191.5958,-59.8735859709
19271385692.8464,-59.9852858193
19276388194.0971,-59.9901734729
19281390695.3477,-60.100813067
19286393196.5983,-60.0556050156
19291395697.8489,-60.0224393662
19296398199.0995,-60.0696754019
19301400700.3502,-59.9628605911
19306403201.6008,-59.890172365
19311405702.8514,-59.7786237565
19316408204.1021,-59.6488792606
19321410705.3527,-59.6054680569
19326413206.6033,-59.5536424317
19331415707.8539,-59.540804248
19336418209.1046,-59.5763993588
19341420710.3552,-59.5148878504
19346423211.6058,-59.6327794112
19351425712.8564,-59.6670253429
19356428214.1071,-59.7162731331
19361430715.3577,-59.7494469105
19366433216.6083,-59.8125503408
19371435717.8589,-59.8507789984
19376438219.1096,-59.8738625488
19381440720.3602,-59.8696675596
19386443221.6108,-59.8785228547
19391445722.8614,-59.8144630197
19396448224.1121,-59.8776197516
19401450725.3627,-59.7457086008
19406453226.6133,-59.7132419242
19411455727.8639,-59.7980479663
19416458229.1146,-59.707794427
19421460730.3652,-59.7529684753
19426463231.6158,-59.8044343636
19431465732.8664,-59.8141160022
19436468234.1171,-59.7692538559
19441470735.3677,-59.7874492974
19446473236.6183,-59.8080632548
19451475737.8689,-59.7659039674
19456478239.1196,-59.7239761216
19461480740.3702,-59.7001397128
19466483241.6208,-59.5995566957
19471485742.8714,-59.5043576615
19476488244.1221,-59.4028938887
19481490745.3727,-59.3848213347
19486493246.6233,-59.3488316534
19491495747.8739,-59.2271587975
19496498249.1246,-59.151148994
19501500750.3752,-59.1085552881
19506503251.6258,-59.0526542683
19511505752.8764,-59.0236677378
19516508254.1271,-59.0825622653
19521510755.3777,-59.0068167032
19526513256.6283,-59.0729441168
19531515757.8789,-59.0524288756
19536518259.1296,-59.1509786572
19541520760.3802,-59.073946678
19546523261.6308,-59.0800270775
19551525762.8814,-59.0722118889
19556528264.1321,-59.0341293089
19561530765.3827,-58.9727754243
19566533266.6333,-58.85223656
19571535767.8839,-58.8678197685
19576538269.1346,-58.8042879653
19581540770.3852,-58.6904480174
19586543271.6358,-58.6511652525
19591545772.8864,-58.57532398
19596548274.1371,-58.4598820939
19601550775.3877,-58.4018617486
19606553276.6383,-58.3836044926
19611555777.8889,-58.2473489093
19616558279.1396,-58.223650489
19621560780.3902,-58.1723553416
19626563281.6408,-58.2108296316
19631565782.8914,-58.1796434555
19636568284.1421,-58.2140277244
19641570785.3927,-58.2621622131
19646573286.6433,-58.2978081446
19651575787.8939,-58.3676174385
19656578289.1446,-58.4683910714
19661580790.3952,-58.5093909989
19666583291.6458,-58.5721310258
19671585792.8964,-58.6360659553
19676588294.1471,-58.5386482788
19681590795.3977,-58.4953577003
19686593296.6483,-58.4070251993
19691595797.8989,-58.3562107149
19696598299.1496,-58.2236760508
19701600800.4002,-58.145606178
19706603301.6508,-58.1045826983
19711605802.9015,-58.1186255193
19716608304.1521,-58.2104343692
19721610805.4027,-58.2733186496
19726613306.6533,-58.3823302744
19731615807.904,-58.5009508366
19736618309.1546,-58.6931850092
19741620810.4052,-58.8258004856
19746623311.6558,-58.9078307155
19751625812.9065,-58.9313684258
19756628314.1571,-58.9162360764
19761630815.4077,-58.9031004295
19766633316.6583,-58.8331438935
19771635817.909,-58.6799293508
19776638319.1596,-58.5850615805
19781640820.4102,-58.5050232184
19786643321.6608,-58.4144240491
19791645822.9115,-58.3745419119
19796648324.1621,-58.3908317162
19801650825.4127,-58.4554088065
19806653326.6633,-58.6050599579
19811655827.914,-58.7720583389
19816658329.1646,-58.840077943
19821660830.4152,-58.9386258303
19826663331.6658,-59.0773983552
19831665832.9165,-59.1307279649
19836668334.1671,-59.2354618076
19841670835.4177,-59.2774586075
19846673336.6683,-59.1997599189
19851675837.919,-59.2333217291
19856678339.1696,-59.1414782564
19861680840.4202,-59.0913659987
19866683341.6708,-59.1177319275
19871685842.9215,-59.1028689938
19876688344.1721,-59.249009319
19881690845.4227,-59.2747517801
19886693346.6733,-59.4422544662
19891695847.924,-59.5385912781
19896698349.1746,-59.7871916898
19901700850.4252,-59.9535107333
19906703351.6758,-60.1666786032
19911705852.9265,-60.3372539579
19916708354.1771,-60.5537944625
19921710855.4277,-60.5754541795
19926713356.6783,-60.6607105905
19931715857.929,-60.6698645064
19936718359.1796,-60.6376501947
19941720860.4302,-60.5751712794
19946723361.6808,-60.4898718382
19951725862.9315,-60.4090751176
19956728364.1821,-60.3178443498
19961730865.4327,-60.3681131222
19966733366.6833,-60.2675288666
19971735867.934,-60.2362540344
19976738369.1846,-60.2098027381
19981740870.4352,-60.3899522172
19986743371.6858,-60.4795458898
19991745872.9365,-60.5536201427
19996748374.1871,-60.6592745657
20001750875.4377,-60.733233834
20006753376.6883,-60.8864419223
20011755877.939,-60.9551862077
20016758379.1896,-60.9428884719
20021760880.4402,-60.8926563408
20026763381.6908,-60.8659293062
20031765882.9415,-60.7962919574
20036768384.1921,-60.628634817
20041770885.4427,-60.6082522494
20046773386.6933,-60.4203065276
20051775887.944,-60.3029492287
20056778389.1946,-60.1580547431
20061780890.4452,-60.1492231649
20066783391.6958,-60.1249247585
20071785892.9465,-60.1495842958
20076788394.1971,-60.1564056434
20081790895.4477,-60.1947954748
20086793396.6983,-60.2348255995
20091795897.949,-60.3316517174
20096798399.1996,-60.3617733991
20101800900.4502,-60.37803777
20106803401.7009,-60.3995860342
20111805902.9515,-60.2803975574
20116808404.2021,-60.2479037143
20121810905.4527,-60.1628529765
20126813406.7034,-60.0179365233
20131815907.954,-59.892663346
20136818409.2046,-59.6551931118
20141820910.4552,-59.4316260202
20146823411.7059,-59.2211939971
20151825912.9565,-59.0437610997
20156828414.2071,-58.8568625042
20161830915.4577,-58.7509603924
20166833416.7084,-58.6981288212
20171835917.959,-58.5955763171
20176838419.2096,-58.6603553442
20181840920.4602,-58.6891600516
20186843421.7109,-58.711823515
20191845922.9615,-58.7406541071
20196848424.2121,-58.8189845669
20201850925.4627,-58.8463089894
20206853426.7134,-58.8620906981
20211855927.964,-58.7510257591
20216858429.2146,-58.76280691
20221860930.4652,-58.6143355232
20226863431.7159,-58.4822288913
20231865932.9665,-58.291829505
20236868434.2171,-58.1945712944
20241870935.4677,-58.0246186771
20246873436.7184,-58.0104434125
20251875937.969,-57.999480409
20256878439.2196,-58.0749468394
20261880940.4702,-58.2141317459
20266883441.7209,-58.3585241122
20271885942.9715,-58.4528891464
20276888444.2221,-58.4950627027
20281890945.4727,-58.4712350647
20286893446.7234,-58.3612290849
20291895947.974,-58.217781598
20296898449.2246,-58.0209210244
20301900950.4752,-57.8015292328
20306903451.7259,-57.6093384122
20311905952.9765,-57.3664758697
20316908454.2271,-57.2127736857
20321910955.4777,-57.0096573806
20326913456.7284,-56.7630749653
20331915957.979,-56.6489559316
20336918459.2296,-56.5634716071
20341920960.4802,-56.61078701
20346923461.7309,-56.6326089413
20351925962.9815,-56.8019938975
20356928464.2321,-57.0299259039
20361930965.4827,-57.2481251542
20366933466.7334,-57.4396499151
20371935967.984,-57.7075785815
20376938469.2346,-57.8573232024
20381940970.4852,-57.994757554
20386943471.7359,-58.071268978
20391945972.9865,-58.1531280906
20396948474.2371,-58.1894415448
20401950975.4877,-58.1895197159
20406953476.7384,-58.1303689758
20411955977.989,-57.9503520379
20416958479.2396,-57.9219552372
20421960980.4902,-57.9345837494
20426963481.7409,-57.9862342241
20431965982.9915,-58.1224171619
20436968484.2421,-58.2111653621
20441970985.4927,-58.3948144168
20446973486.7434,-58.5622662236
20451975987.994,-58.7462127016
20456978489.2446,-58.9169808957
20461980990.4952,-59.0598802266
20466983491.7459,-59.1871367056
20471985992.9965,-59.2944536636
20476988494.2471,-59.3373509533
20481990995.4977,-59.3619891585
20486993496.7484,-59.3743529913
20491995997.999,-59.3208362977
20496998499.2496,-59.3483015951
20502001000.5003,-59.2415641928
20507003501.7509,-59.1831167329
20512006003.0015,-59.1535629215
20517008504.2521,-59.1355995917
20522011005.5028,-59.1955754389
20527013506.7534,-59.3395866234
20532016008.004,-59.5618543912
20537018509.2546,-59.7679518915
20542021010.5053,-59.968366217
20547023511.7559,-60.1012378086
20552026013.0065,-60.281440651
20557028514.2571,-60.4238954422
20562031015.5078,-60.4451652929
20567033516.7584,-60.5565288144
20572036018.009,-60.570934059
20577038519.2596,-60.4740950166
20582041020.5103,-60.4503457452
20587043521.7609,-60.3667435017
20592046023.0115,-60.2460078508
20597048524.2621,-60.1806333501
20602051025.5128,-60.0902011433
20607053526.7634,-60.0321785456
20612056028.014,-60.0321322524
20617058529.2646,-60.098084494
20622061030.5153,-60.0777572736
20627063531.7659,-60.0469677165
20632066033.0165,-60.1208261151
20637068534.2671,-60.1253079651
20642071035.5178,-60.1355468167
20647073536.7684,-60.1351758447
20652076038.019,-60.1391218042
20657078539.2696,-60.1388402888
20662081040.5203,-60.0257735712
20667083541.7709,-59.9845097426
20672086043.0215,-59.8684792146
20677088544.2721,-59.7371603249
20682091045.5228,-59.6468764474
20687093546.7734,-59.4761347839
20692096048.024,-59.4518223739
20697098549.2746,-59.3077286571
20702101050.5253,-59.2127809651
20707103551.7759,-59.0886670834
20712106053.0265,-59.0616612631
20717108554.2771,-58.9217883483
20722111055.5278,-58.8830841422
20727113556.7784,-58.8534202687
20732116058.029,-58.7859587369
20737118559.2796,-58.7098868782
20742121060.5303,-58.6206130661
20747123561.7809,-58.6196968559
20752126063.0315,-58.5351198874
20757128564.2821,-58.4260068573
20762131065.5328,-58.3476755171
20767133566.7834,-58.2569580184
20772136068.034,-58.1241633561
20777138569.2846,-58.0233212897
20782141070.5353,-57.8714260048
20787143571.7859,-57.7257882106
20792146073.0365,-57.5880836043
20797148574.2871,-57.5431469395
20802151075.5378,-57.5488884982
20807153576.7884,-57.4451770137
20812156078.039,-57.5098929606
20817158579.2896,-57.5599574577
20822161080.5403,-57.6278787625
20827163581.7909,-57.6847558024
20832166083.0415,-57.7234972694
20837168584.2921,-57.6808473754
20842171085.5428,-57.55118212
20847173586.7934,-57.4644404163
20852176088.044,-57.2746530483
20857178589.2946,-57.0739165185
20862181090.5453,-57.0067267899
20867183591.7959,-56.9279966331
20872186093.0465,-56.8290141776
20877188594.2972,-56.6976293117
20882191095.5478,-56.6760356253
20887193596.7984,-56.7204277387
20892196098.049,-56.7211888471
20897198599.2996,-56.7904675871
20902201100.5503,-56.8157066861
20907203601.8009,-56.9534705918
20912206103.0515,-57.0142421589
20917208604.3022,-57.2003705922
20922211105.5528,-57.2671311994
20927213606.8034,-57.3952114441
20932216108.054,-57.6707699162
20937218609.3047,-57.8474929102
20942221110.5553,-58.0061118726
20947223611.8059,-58.066563501
20952226113.0565,-57.9250502562
20957228614.3072,-57.6978364515
20962231115.5578,-57.5299944431
20967233616.8084,-57.4508148709
20972236118.059,-57.4305647809
20977238619.3097,-57.4155731135
20982241120.5603,-57.5154603215
20987243621.8109,-57.5862213305
20992246123.0615,-57.7497754682
20997248624.3122,-57.8810479318
21002251125.5628,-58.0489132068
21007253626.8134,-58.1639873934
21012256128.064,-58.2033713889
21017258629.3147,-58.3050598668
21022261130.5653,-58.3013109702
21027263631.8159,-58.3892636496
21032266133.0665,-58.3430668469
21037268634.3172,-58.2894520369
21042271135.5678,-58.2307263685
21047273636.8184,-58.2085469823
21052276138.069,-58.1258420388
21057278639.3197,-58.1444120841
21062281140.5703,-58.0996688245
21067283641.8209,-58.0962228777
21072286143.0715,-58.194344184
21077288644.3222,-58.2322637902
21082291145.5728,-58.3055357692
21087293646.8234,-58.3382280791
21092296148.074,-58.4532272263
21097298649.3247,-58.4524537485
21102301150.5753,-58.4281760322
21107303651.8259,-58.5549511921
21112306153.0765,-58.5396818297
21117308654.3272,-58.5272516373
21122311155.5778,-58.4795221657
21127313656.8284,-58.476950355
21132316158.079,-58.4733514488
21137318659.3297,-58.4456558036
21142321160.5803,-58.4668203457
21147323661.8309,-58.4148812863
21152326163.0815,-58.4567911281
21157328664.3322,-58.3548063362
21162331165.5828,-58.379250368
21167333666.8334,-58.3438877862
21172336168.084,-58.3714890046
21177338669.3347,-58.2990078643
21182341170.5853,-58.2868225485
21187343671.8359,-58.2254086292
21192346173.0865,-58.1583007459
21197348674.3372,-58.1002350665
21202351175.5878,-58.0541390528
21207353676.8384,-58.0163644088
21212356178.089,-57.9631427578
21217358679.3397,-57.8189901037
21222361180.5903,-57.7508058617
21227363681.8409,-57.6630032866
21232366183.0915,-57.5476949489
21237368684.3422,-57.58728125
21242371185.5928,-57.6265466561
21247373686.8434,-57.6769665499
21252376188.094,-57.6796646176
21257378689.3447,-57.658992555
21262381190.5953,-57.7225106616
21267383691.8459,-57.8079653031
21272386193.0966,-57.8308754817
21277388694.3472,-57.9059788121
21282391195.5978,-57.94144668
21287393696.8484,-58.0420595197
21292396198.099,-58.1301870847
21297398699.3497,-58.1541525561
21302401200.6003,-58.2088395058
21307403701.8509,-58.2510842577
21312406203.1016,-58.3104241712
21317408704.3522,-58.363235429
21322411205.6028,-58.456560653
21327413706.8534,-58.4342393417
21332416208.1041,-58.4142150707
21337418709.3547,-58.3707714078
21342421210.6053,-58.3762244381
21347423711.8559,-58.312241463
21352426213.1066,-58.3213185683
21357428714.3572,-58.2467530957
21362431215.6078,-58.2025837881
21367433716.8584,-58.1880766199
21372436218.1091,-58.0723507653
21377438719.3597,-58.0113348971
21382441220.6103,-58.0047810022
21387443721.8609,-57.9962360024
21392446223.1116,-57.9326282026
21397448724.3622,-57.8953260889
21402451225.6128,-57.8534274926
21407453726.8634,-57.8678658138
21412456228.1141,-57.8709096656
21417458729.3647,-57.9415742286
21422461230.6153,-57.8838556143
21427463731.8659,-57.8414853692
21432466233.1166,-57.9172283485
21437468734.3672,-57.9175266077
21442471235.6178,-57.9090084842
21447473736.8684,-57.9395447999
21452476238.1191,-58.0075303256
21457478739.3697,-58.0599198218
21462481240.6203,-58.0820065066
21467483741.8709,-58.04441908
21472486243.1216,-58.0735889297
21477488744.3722,-58.0552375526
21482491245.6228,-58.0271686451
21487493746.8734,-58.0386147837
21492496248.1241,-57.9402704087
21497498749.3747,-57.9124370446
21502501250.6253,-57.8516523158
21507503751.8759,-57.8957666347
21512506253.1266,-57.9179496541
21517508754.3772,-57.9355555875
21522511255.6278,-57.9836779548
21527513756.8784,-58.1166867084
21532516258.1291,-58.1975824038
21537518759.3797,-58.2732841428
21542521260.6303,-58.379341283
21547523761.8809,-58.3804060931
21552526263.1316,-58.4196421757
21557528764.3822,-58.3985228785
21562531265.6328,-58.4347856295
21567533766.8834,-58.3649960486
21572536268.1341,-58.4043610967
21577538769.3847,-58.3503292657
21582541270.6353,-58.3494116158
21587543771.8859,-58.4554369016
21592546273.1366,-58.4607061119
21597548774.3872,-58.4965612438
21602551275.6378,-58.6214946932
21607553776.8884,-58.7274720741
21612556278.1391,-58.8159505432
21617558779.3897,-58.8830247433
21622561280.6403,-58.9110385084
21627563781.8909,-59.020386254
21632566283.1416,-59.0204346973
21637568784.3922,-59.0632434893
21642571285.6428,-59.0361667537
21647573786.8934,-59.0143446799
21652576288.1441,-59.033713653
21657578789.3947,-58.918146869
21662581290.6453,-58.9104421203
21667583791.8959,-58.8476141578
21672586293.1466,-58.7949949934
21677588794.3972,-58.7557116957
21682591295.6478,-58.7001814948
21687593796.8984,-58.7286037293
21692596298.1491,-58.7378761299
21697598799.3997,-58.7984754154
21702601300.6503,-58.789093655
21707603801.901,-58.9087163258
21712606303.1516,-58.9325698728
21717608804.4022,-58.977342969
21722611305.6528,-59.0159066546
21727613806.9035,-59.0087974611
21732616308.1541,-59.008037797
21737618809.4047,-58.9920816589
21742621310.6553,-58.9575444615
21747623811.906,-58.9507032329
21752626313.1566,-58.8836599123
21757628814.4072,-58.8637036685
21762631315.6578,-58.8688341059
21767633816.9085,-58.769938711
21772636318.1591,-58.8514499831
21777638819.4097,-58.842915507
21782641320.6603,-58.8985973198
21787643821.911,-59.0174188472
21792646323.1616,-59.172731399
21797648824.4122,-59.1699884533
21802651325.6628,-59.2410615672
21807653826.9135,-59.2734133058
21812656328.1641,-59.2811835794
21817658829.4147,-59.2868660897
21822661330.6653,-59.2229519466
21827663831.916,-59.1434630694
21832666333.1666,-59.1197128427
21837668834.4172,-58.9718104368
21842671335.6678,-59.01181467
21847673836.9185,-58.9404729134
21852676338.1691,-59.0312779015
21857678839.4197,-59.0511614774
21862681340.6703,-59.0471832892
21867683841.921,-59.1078324881
21872686343.1716,-59.1182446252
21877688844.4222,-59.1503407795
21882691345.6728,-59.2383762099
21887693846.9235,-59.2340750025
21892696348.1741,-59.2683000619
21897698849.4247,-59.2582874614
21902701350.6753,-59.2902751496
21907703851.926,-59.2596803809
21912706353.1766,-59.1728267505
21917708854.4272,-59.2424351216
21922711355.6778,-59.2411482968
21927713856.9285,-59.2736542134
21932716358.1791,-59.3621135342
21937718859.4297,-59.4041282236
21942721360.6803,-59.462448535
21947723861.931,-59.5857282876
21952726363.1816,-59.6357353083
21957728864.4322,-59.7403098413
21962731365.6828,-59.9351641447
21967733866.9335,-60.0239169543
21972736368.1841,-60.1751589911
21977738869.4347,-60.2935043268
21982741370.6853,-60.400832586
21987743871.936,-60.529112848
21992746373.1866,-60.5795696506
21997748874.4372,-60.690825078
22002751375.6878,-60.78861679
22007753876.9385,-60.8203963656
22012756378.1891,-60.8860636509
22017758879.4397,-60.9230456905
22022761380.6903,-61.0268391098
22027763881.941,-61.0953876827
22032766383.1916,-61.1538921139
22037768884.4422,-61.1609840873
22042771385.6928,-61.1994256987
22047773886.9435,-61.1532071321
22052776388.1941,-61.1935058277
22057778889.4447,-61.1886341786
22062781390.6953,-61.2397351842
22067783891.946,-61.2971436669
22072786393.1966,-61.3035390489
22077788894.4472,-61.3208899019
22082791395.6978,-61.3336831961
22087793896.9485,-61.253606057
22092796398.1991,-61.2245309365
22097798899.4497,-61.2616160141
22102801400.7003,-61.2004660634
22107803901.951,-61.2456917748
22112806403.2016,-61.1461285064
22117808904.4522,-61.1127344295
22122811405.7029,-61.1369193936
22127813906.9535,-61.0700295286
22132816408.2041,-61.0475633447
22137818909.4547,-61.0537953306
22142821410.7054,-61.0019033759
22147823911.956,-60.9869557297
22152826413.2066,-61.0159478017
22157828914.4572,-61.0184324798
22162831415.7079,-61.0493312752
22167833916.9585,-61.0861446296
22172836418.2091,-61.1031224615
22177838919.4597,-61.0597477974
22182841420.7104,-61.0457190204
22187843921.961,-60.9634749317
22192846423.2116,-60.981324577
22197848924.4622,-60.8292715291
22202851425.7129,-60.7619801312
22207853926.9635,-60.6374502863
22212856428.2141,-60.4778500144
22217858929.4647,-60.3722238354
22222861430.7154,-60.2746869253
22227863931.966,-60.123112094
22232866433.2166,-60.0459373657
22237868934.4672,-60.038909194
22242871435.7179,-60.0078294893
22247873936.9685,-60.0435768792
22252876438.2191,-60.1364348461
22257878939.4697,-60.172757648
22262881440.7204,-60.194278382
22267883941.971,-60.1697253134
22272886443.2216,-60.1205806186
22277888944.4722,-60.026372385
22282891445.7229,-59.982534059
22287893946.9735,-59.7575014837
22292896448.2241,-59.5648946922
22297898949.4747,-59.3804020995
22302901450.7254,-59.2394249981
22307903951.976,-59.0878440848
22312906453.2266,-58.949622658
22317908954.4772,-58.8660712328
22322911455.7279,-58.9119579317
22327913956.9785,-58.9346774446
22332916458.2291,-59.0005267956
22337918959.4797,-59.0506607774
22342921460.7304,-59.2235723101
22347923961.981,-59.2274756705
22352926463.2316,-59.2295648569
22357928964.4822,-59.1666230778
22362931465.7329,-59.084103448
22367933966.9835,-58.9469317212
22372936468.2341,-58.7750234029
22377938969.4847,-58.6082912803
22382941470.7354,-58.4347496223
22387943971.986,-58.2823679169
22392946473.2366,-58.1149617788
22397948974.4872,-58.0234419626
22402951475.7379,-58.0812383941
22407953976.9885,-58.2098871185
22412956478.2391,-58.2844363358
22417958979.4897,-58.4401830174
22422961480.7404,-58.6032473036
22427963981.991,-58.7742395857
22432966483.2416,-58.7966919622
22437968984.4922,-58.9426119986
22442971485.7429,-59.0251060325
22447973986.9935,-58.9083794461
22452976488.2441,-58.9152477254
22457978989.4947,-58.801185158
22462981490.7454,-58.6953368764
22467983991.996,-58.5381169161
22472986493.2466,-58.402863698
22477988994.4973,-58.3520932369
22482991495.7479,-58.3226745711
22487993996.9985,-58.3115348829
22492996498.2491,-58.3721467136
22497998999.4997,-58.3819930094
22503001500.7504,-58.4539887788
22508004002.001,-58.5530570636
22513006503.2516,-58.6498380146
22518009004.5023,-58.7472062026
22523011505.7529,-58.7574926998
22528014007.0035,-58.7577883962
22533016508.2541,-58.7696197443
22538019009.5048,-58.6974276326
22543021510.7554,-58.6376272781
22548024012.006,-58.5611320697
22553026513.2566,-58.5309203444
22558029014.5073,-58.3730463333
22563031515.7579,-58.3031505044
22568034017.0085,-58.1772259306
22573036518.2591,-58.0785492854
22578039019.5098,-58.0160576326
22583041520.7604,-57.9957474046
22588044022.011,-57.972315426
22593046523.2616,-57.9962498534
22598049024.5123,-58.1341188452
22603051525.7629,-58.1214651092
22608054027.0135,-58.1757649198
22613056528.2641,-58.278952175
22618059029.5148,-58.2727614975
22623061530.7654,-58.32146056
22628064032.016,-58.3224410006
22633066533.2666,-58.240003203
22638069034.5173,-58.1629268111
22643071535.7679,-58.0376031493
22648074037.0185,-57.9227376457
22653076538.2691,-57.8395515047
22658079039.5198,-57.5805355055
22663081540.7704,-57.5338405839
22668084042.021,-57.3961942485
22673086543.2716,-57.2618977757
22678089044.5223,-57.2070646915
22683091545.7729,-57.2101677722
22688094047.0235,-57.2319633353
22693096548.2741,-57.2794385774
22698099049.5248,-57.2873299056
22703101550.7754,-57.3548688098
22708104052.026,-57.4349931287
22713106553.2766,-57.490691581
22718109054.5273,-57.5453505288
22723111555.7779,-57.5115891144
22728114057.0285,-57.5104643154
22733116558.2791,-57.4628606323
22738119059.5298,-57.4093634653
22743121560.7804,-57.3061810826
22748124062.031,-57.2190774764
22753126563.2816,-57.0824225462
22758129064.5323,-56.9435092055
22763131565.7829,-56.7677691162
22768134067.0335,-56.7108553108
22773136568.2841,-56.5640975864
22778139069.5348,-56.524777263
22783141570.7854,-56.5207285793
22788144072.036,-56.4771599552
22793146573.2866,-56.4989675895
22798149074.5373,-56.5420084136
22803151575.7879,-56.5644924211
22808154077.0385,-56.5364316025
22813156578.2891,-56.5843295824
22818159079.5398,-56.5358827766
22823161580.7904,-56.4556119002
22828164082.041,-56.3366517112
22833166583.2916,-56.1939498798
22838169084.5423,-56.002028079
22843171585.7929,-55.9334196387
22848174087.0435,-55.6838262677
22853176588.2941,-55.5348397489
22858179089.5448,-55.4242847111
22863181590.7954,-55.4057753434
22868184092.046,-55.5508198321
22873186593.2966,-55.7849902305
22878189094.5473,-55.9975744804
22883191595.7979,-56.2748127182
22888194097.0485,-56.456790637
22893196598.2991,-56.5179674496
22898199099.5498,-56.5618826291
22903201600.8004,-56.581727747
22908204102.051,-56.634756704
22913206603.3017,-56.6153946068
22918209104.5523,-56.5983959531
22923211605.8029,-56.5853261913
22928214107.0535,-56.6010685205
22933216608.3042,-56.6208278675
22938219109.5548,-56.5935774999
22943221610.8054,-56.6615246248
22948224112.056,-56.6840444575
22953226613.3067,-56.7709135483
22958229114.5573,-56.8259727096
22963231615.8079,-56.8515483735
22968234117.0585,-56.8881064511
22973236618.3092,-56.9638300032
22978239119.5598,-56.9955494972
22983241620.8104,-57.0561556417
22988244122.061,-57.1437575341
22993246623.3117,-57.1626831244
22998249124.5623,-57.3158551427
23003251625.8129,-57.3029402098
23008254127.0635,-57.3772846257
23013256628.3142,-57.385326645
23018259129.5648,-57.4357665417
23023261630.8154,-57.4848318687
23028264132.066,-57.4657356258
23033266633.3167,-57.5365338735
23038269134.5673,-57.5507827156
23043271635.8179,-57.5738086224
23048274137.0685,-57.6432082821
23053276638.3192,-57.6923745153
23058279139.5698,-57.6718718791
23063281640.8204,-57.8253549391
23068284142.071,-57.8396039658
23073286643.3217,-57.933715958
23078289144.5723,-57.9346332461
23083291645.8229,-57.9837817986
23088294147.0735,-58.0391491444
23093296648.3242,-58.0726652576
23098299149.5748,-58.1064638998
23103301650.8254,-58.1381487578
23108304152.076,-58.162773335
23113306653.3267,-58.2270757134
23118309154.5773,-58.2849428193
23123311655.8279,-58.2758015693
23128314157.0785,-58.3131114698
23133316658.3292,-58.3692663616
23138319159.5798,-58.3728293353
23143321660.8304,-58.3625883786
23148324162.081,-58.3858896379
23153326663.3317,-58.3624413106
23158329164.5823,-58.3526199616
23163331665.8329,-58.3100940457
23168334167.0835,-58.2747759143
23173336668.3342,-58.2799869008
23178339169.5848,-58.2400934303
23183341670.8354,-58.2271881289
23188344172.086,-58.2058542335
23193346673.3367,-58.134655631
23198349174.5873,-58.0880815901
23203351675.8379,-57.9979322938
23208354177.0885,-57.9246640488
23213356678.3392,-57.8806434802
23218359179.5898,-57.7759100028
23223361680.8404,-57.6801295897
23228364182.091,-57.6292038826
23233366683.3417,-57.5553627077
23238369184.5923,-57.5692440174
23243371685.8429,-57.5807507364
23248374187.0935,-57.5073531297
23253376688.3442,-57.5430774978
23258379189.5948,-57.5517040641
23263381690.8454,-57.5742719513
23268384192.096,-57.5184857208
23273386693.3467,-57.4662054078
23278389194.5973,-57.4430528744
23283391695.8479,-57.3363640652
23288394197.0985,-57.2573728729
23293396698.3492,-57.1861141331
23298399199.5998,-57.0488615292
23303401700.8504,-56.9544176419
23308404202.1011,-56.8141498217
23313406703.3517,-56.8005622093
23318409204.6023,-56.7044251618
23323411705.8529,-56.601762262
23328414207.1036,-56.5443041363
23333416708.3542,-56.4911654468
23338419209.6048,-56.425927811
23343421710.8554,-56.2862588435
23348424212.1061,-56.1707473531
23353426713.3567,-56.097617036
23358429214.6073,-55.9236274593
23363431715.8579,-55.834045614
23368434217.1086,-55.7517385819
23373436718.3592,-55.6344684164
23378439219.6098,-55.608267148
23383441720.8604,-55.5306180411
23388444222.1111,-55.5026811658
23393446723.3617,-55.3909856987
23398449224.6123,-55.2999772273
23403451725.8629,-55.3094264623
23408454227.1136,-55.2314836032
23413456728.3642,-55.1309623051
23418459229.6148,-55.1693955776
23423461730.8654,-55.0552270385
23428464232.1161,-54.9842755449
23433466733.3667,-54.9466080377
23438469234.6173,-54.8979205284
23443471735.8679,-54.9306944563
23448474237.1186,-54.8559888179
23453476738.3692,-54.9096681981
23458479239.6198,-54.893797717
23463481740.8704,-54.9076417352
23468484242.1211,-54.9800507485
23473486743.3717,-54.96470774
23478489244.6223,-54.997687975
23483491745.8729,-55.0394641221
23488494247.1236,-54.9685028465
23493496748.3742,-54.9298307459
23498499249.6248,-54.9221261225
23503501750.8754,-54.8328866652
23508504252.1261,-54.7311480038
23513506753.3767,-54.6943176174
23518509254.6273,-54.6858141543
23523511755.8779,-54.6412875529
23528514257.1286,-54.6312876718
23533516758.3792,-54.6436618019
23538519259.6298,-54.6691069955
23543521760.8804,-54.7041811386
23548524262.1311,-54.8275079324
23553526763.3817,-54.8425326612
23558529264.6323,-55.0448849026
23563531765.8829,-55.1114857985
23568534267.1336,-55.3179531486
23573536768.3842,-55.4346737356
23578539269.6348,-55.4911725459
23583541770.8854,-55.6075983906
23588544272.1361,-55.6878016101
23593546773.3867,-55.8074901591
23598549274.6373,-55.8345189257
23603551775.8879,-55.8418592573
23608554277.1386,-55.9005503709
23613556778.3892,-55.9983025547
23618559279.6398,-56.0554210666
23623561780.8904,-56.1059865467
23628564282.1411,-56.1381931282
23633566783.3917,-56.1611053418
23638569284.6423,-56.348445547
23643571785.8929,-56.4551837091
23648574287.1436,-56.5885776236
23653576788.3942,-56.695592634
23658579289.6448,-56.865958384
23663581790.8954,-56.9208010073
23668584292.1461,-57.053503978
23673586793.3967,-57.0934089619
23678589294.6473,-57.1880362598
23683591795.8979,-57.225945409
23688594297.1486,-57.2872949727
23693596798.3992,-57.2850682651
23698599299.6498,-57.3431507096
23703601800.9005,-57.288433908
23708604302.1511,-57.2825425498
23713606803.4017,-57.3786598608
23718609304.6523,-57.2940549665
23723611805.903,-57.292669852
23728614307.1536,-57.3306486235
23733616808.4042,-57.4052590508
23738619309.6548,-57.4391530859
23743621810.9055,-57.494195384
23748624312.1561,-57.570207224
23753626813.4067,-57.6372686941
23758629314.6573,-57.6293199525
23763631815.908,-57.6586768296
23768634317.1586,-57.7020894651
23773636818.4092,-57.6846274747
23778639319.6598,-57.6390568986
23783641820.9105,-57.611600028
23788644322.1611,-57.5410176482
23793646823.4117,-57.4507418472
23798649324.6623,-57.379709491
23803651825.913,-57.3221738836
23808654327.1636,-57.2518329975
23813656828.4142,-57.2294029254
23818659329.6648,-57.1512623306
23823661830.9155,-57.1660928817
23828664332.1661,-57.2013817371
23833666833.4167,-57.2146816341
23838669334.6673,-57.3053571768
23843671835.918,-57.269498484
23848674337.1686,-57.3394161714
23853676838.4192,-57.3031474437
23858679339.6698,-57.3699857661
23863681840.9205,-57.3618877516
23868684342.1711,-57.2815947761
23873686843.4217,-57.2381699799
23878689344.6723,-57.2048365504
23883691845.923,-57.183721333
23888694347.1736,-57.0997096986
23893696848.4242,-57.0331758311
23898699349.6748,-57.013664846
23903701850.9255,-56.9124401037
23908704352.1761,-56.8598660281
23913706853.4267,-56.7999582902
23918709354.6773,-56.8302428215
23923711855.928,-56.896066973
23928714357.1786,-56.8589772639
23933716858.4292,-56.870589203
23938719359.6798,-56.9301014491
23943721860.9305,-56.9404790101
23948724362.1811,-56.910632693
23953726863.4317,-56.9323092089
23958729364.6823,-56.9218339828
23963731865.933,-56.8257142891
23968734367.1836,-56.7121801333
23973736868.4342,-56.6706560905
23978739369.6848,-56.5531295324
23983741870.9355,-56.4150494065
23988744372.1861,-56.2093217245
23993746873.4367,-56.1058763751
23998749374.6873,-55.9191886123
24003751875.938,-55.8064957477
24008754377.1886,-55.7571214468
24013756878.4392,-55.7658705858
24018759379.6898,-55.7022318541
24023761880.9405,-55.7576035025
24028764382.1911,-55.7228692912
24033766883.4417,-55.7939549534
24038769384.6923,-55.8161326666
24043771885.943,-55.7993687701
24048774387.1936,-55.6928532365
24053776888.4442,-55.5220311223
24058779389.6948,-55.3620631766
24063781890.9455,-55.1600074348
24068784392.1961,-54.8396003755
24073786893.4467,-54.5850552169
24078789394.6974,-54.3229380731
24083791895.948,-54.0847291401
24088794397.1986,-53.7634630001
24093796898.4492,-53.6789781482
24098799399.6998,-53.602543922
24103801900.9505,-53.4710026912
24108804402.2011,-53.5398640501
24113806903.4517,-53.6012181478
24118809404.7024,-53.6664425416
24123811905.953,-53.6774074285
24128814407.2036,-53.742649462
24133816908.4542,-53.7134285682
24138819409.7049,-53.6927020784
24143821910.9555,-53.6757263603
24148824412.2061,-53.4845700274
24153826913.4567,-53.4030129647
24158829414.7074,-53.2810151419
24163831915.958,-53.1515075006
24168834417.2086,-53.0048177391
24173836918.4592,-52.9415322761
24178839419.7099,-52.9168222292
24183841920.9605,-52.977917528
24188844422.2111,-53.1207378806
24193846923.4617,-53.2803285945
24198849424.7124,-53.5631013046
24203851925.963,-53.9208660038
24208854427.2136,-54.1306009398
24213856928.4642,-54.2988012283
24218859429.7149,-54.4857239612
24223861930.9655,-54.6833926397
24228864432.2161,-54.7323266503
24233866933.4667,-54.7810395779
24238869434.7174,-54.8309297012
24243871935.968,-54.8334751962
24248874437.2186,-54.7778485538
24253876938.4692,-54.7798626376
24258879439.7199,-54.7576193365
24263881940.9705,-54.7785635974
24268884442.2211,-54.8033573974
24273886943.4717,-54.8396478698
24278889444.7224,-54.985310743
24283891945.973,-55.1022783688
24288894447.2236,-55.2896581064
24293896948.4742,-55.3660922052
24298899449.7249,-55.5126937316
24303901950.9755,-55.6707095372
24308904452.2261,-55.7919633726
24313906953.4767,-55.8741012435
24318909454.7274,-55.9593953038
24323911955.978,-55.9502437699
24328914457.2286,-55.9535965651
24333916958.4792,-55.9767123298
24338919459.7299,-55.9893965427
24343921960.9805,-55.9610173502
24348924462.2311,-55.9468942806
24353926963.4817,-55.9716057357
24358929464.7324,-56.0486953836
24363931965.983,-55.9880713994
24368934467.2336,-56.119795
24373936968.4842,-56.2053104752
24378939469.7349,-56.2108625652
24383941970.9855,-56.2292404706
24388944472.2361,-56.2862044382
24393946973.4867,-56.2673812449
24398949474.7374,-56.2764614619
24403951975.988,-56.3442673894
24408954477.2386,-56.2992230264
24413956978.4892,-56.3278534867
24418959479.7399,-56.256592353
24423961980.9905,-56.2976173263
24428964482.2411,-56.1683793995
24433966983.4917,-56.1306343071
24438969484.7424,-56.0503358992
24443971985.993,-55.9386800342
24448974487.2436,-55.9132407921
24453976988.4942,-55.8370107405
24458979489.7449,-55.7946454489
24463981990.9955,-55.7286734741
24468984492.2461,-55.7676055193
24473986993.4968,-55.7860210821
24478989494.7474,-55.7985524821
24483991995.998,-55.7915679692
24488994497.2486,-55.8656322643
24493996998.4992,-55.8420275386
24498999499.7499,-55.8858031211
24504002001.0005,-55.9026117887
24509004502.2511,-55.9250424945
24514007003.5018,-55.9245108566
24519009504.7524,-55.8319742041
24524012006.003,-55.8697416092
24529014507.2536,-55.8030888819
24534017008.5043,-55.6747455759
24539019509.7549,-55.6431433874
24544022011.0055,-55.5600991343
24549024512.2561,-55.5815908044
24554027013.5068,-55.5262512609
24559029514.7574,-55.5728534964
24564032016.008,-55.6461562488
24569034517.2586,-55.6721806828
24574037018.5093,-55.8031062397
24579039519.7599,-55.8303589377
24584042021.0105,-55.9106591927
24589044522.2611,-55.9149389164
24594047023.5118,-55.9677555739
24599049524.7624,-55.9373077828
24604052026.013,-55.8546683401
24609054527.2636,-55.7124273123
24614057028.5143,-55.6506663285
24619059529.7649,-55.5112697332
24624062031.0155,-55.4655416777
24629064532.2661,-55.3273575584
24634067033.5168,-55.1328755728
24639069534.7674,-55.0944545126
24644072036.018,-55.0946860328
24649074537.2686,-55.0600089733
24654077038.5193,-55.1615824345
24659079539.7699,-55.2874536323
24664082041.0205,-55.2747318911
24669084542.2711,-55.3414306938
24674087043.5218,-55.3197551951
24679089544.7724,-55.3052560394
24684092046.023,-55.2732557935
24689094547.2736,-55.1206661012
24694097048.5243,-55.0663900153
24699099549.7749,-54.8959843913
24704102051.0255,-54.6901472601
24709104552.2761,-54.5175489939
24714107053.5268,-54.3558872899
24719109554.7774,-54.2136338812
24724112056.028,-54.0849725209
24729114557.2786,-54.0441208197
24734117058.5293,-54.0564547846
24739119559.7799,-54.1099852087
24744122061.0305,-54.1442270401
24749124562.2811,-54.2708873075
24754127063.5318,-54.3321335477
24759129564.7824,-54.4639236486
24764132066.033,-54.5014704595
24769134567.2836,-54.4828682893
24774137068.5343,-54.4846059221
24779139569.7849,-54.3261710267
24784142071.0355,-54.149459024
24789144572.2861,-53.90044159
24794147073.5368,-53.5226777274
24799149574.7874,-53.2010083681
24804152076.038,-52.9575392711
24809154577.2886,-52.7334887638
24814157078.5393,-52.4869528226
24819159579.7899,-52.446851349
24824162081.0405,-52.4051275339
24829164582.2911,-52.4266386972
24834167083.5418,-52.5553542211
24839169584.7924,-52.6879414153
24844172086.043,-52.9054488545
24849174587.2936,-53.0218755411
24854177088.5443,-53.0897766378
24859179589.7949,-53.2505111845
24864182091.0455,-53.317969215
24869184592.2961,-53.3114858908
24874187093.5468,-53.4000321502
24879189594.7974,-53.3057320163
24884192096.048,-53.252973571
24889194597.2986,-53.2465044845
24894197098.5493,-53.1458524966
24899199599.7999,-53.2273526299
24904202101.0505,-53.2172024626
24909204602.3012,-53.2333096187
24914207103.5518,-53.4384032502
24919209604.8024,-53.5082294819
24924212106.053,-53.6554094041
24929214607.3037,-53.8636571788
24934217108.5543,-54.0415375078
24939219609.8049,-54.1950178029
24944222111.0555,-54.3658433126
24949224612.3062,-54.4309233672
24954227113.5568,-54.5907828394
24959229614.8074,-54.576091659
24964232116.058,-54.6013426811
24969234617.3087,-54.5877662486
24974237118.5593,-54.6394049787
24979239619.8099,-54.6049797858
24984242121.0605,-54.5473163274
24989244622.3112,-54.495953041
24994247123.5618,-54.4322126899
24999249624.8124,-54.3783075757
25004252126.063,-54.4037266083
25009254627.3137,-54.4094271188
25014257128.5643,-54.5227568858
25019259629.8149,-54.5593637245
25024262131.0655,-54.5940943403
25029264632.3162,-54.66683624
25034267133.5668,-54.755389574
25039269634.8174,-54.788980632
25044272136.068,-54.9094270827
25049274637.3187,-54.8004650121
25054277138.5693,-54.8223643584
25059279639.8199,-54.7803734214
25064282141.0705,-54.7514581975
25069284642.3212,-54.7228865774
25074287143.5718,-54.6508623441
25079289644.8224,-54.5299376447
25084292146.073,-54.5684159964
25089294647.3237,-54.5391239961
25094297148.5743,-54.5752569665
25099299649.8249,-54.6064149223
25104302151.0755,-54.6356801519
25109304652.3262,-54.6964517365
25114307153.5768,-54.8161224743
25119309654.8274,-54.9149933248
25124312156.078,-54.9151847608
25129314657.3287,-54.9985119725
25134317158.5793,-54.9791834976
25139319659.8299,-55.0128067074
25144322161.0805,-54.9849826362
25149324662.3312,-54.9997016395
25154327163.5818,-55.002301823
25159329664.8324,-54.9785383099
25164332166.083,-54.8952928326
25169334667.3337,-54.8167751822
25174337168.5843,-54.8377068379
25179339669.8349,-54.851494948
25184342171.0855,-54.7920195592
25189344672.3362,-54.8374114641
25194347173.5868,-54.8534268854
25199349674.8374,-54.9104404618
25204352176.088,-54.9533472752
25209354677.3387,-55.0374481437
25214357178.5893,-55.0995250328
25219359679.8399,-55.1196968654
25224362181.0905,-55.171162269
25229364682.3412,-55.169855605
25234367183.5918,-55.1676959836
25239369684.8424,-55.1388733535
25244372186.093,-55.08522864
25249374687.3437,-55.0463009939
25254377188.5943,-55.0509459537
25259379689.8449,-54.9821357517
25264382191.0955,-54.9651288212
25269384692.3462,-54.8777273809
25274387193.5968,-54.8308569784
25279389694.8474,-54.8173564706
25284392196.098,-54.8228176283
25289394697.3487,-54.7953890227
25294397198.5993,-54.7944392742
25299399699.8499,-54.8005152001
25304402201.1005,-54.809276592
25309404702.3512,-54.7643196518
25314407203.6018,-54.7254956016
25319409704.8524,-54.680251716
25324412206.1031,-54.5696407382
25329414707.3537,-54.5465166437
25334417208.6043,-54.4532325149
25339419709.8549,-54.4020391787
25344422211.1056,-54.2569323614
25349424712.3562,-54.1886115868
25354427213.6068,-54.0508832341
25359429714.8574,-53.9930936265
25364432216.1081,-53.9399875282
25369434717.3587,-53.9474934851
25374437218.6093,-53.8961217017
25379439719.8599,-53.8387364966
25384442221.1106,-53.8661464274
25389444722.3612,-53.8155503759
25394447223.6118,-53.7540767434
25399449724.8624,-53.7451826578
25404452226.1131,-53.5889960395
25409454727.3637,-53.4908681933
25414457228.6143,-53.4316442993
25419459729.8649,-53.3068169004
25424462231.1156,-53.2880170947
25429464732.3662,-53.2183571631
25434467233.6168,-53.0791984614
25439469734.8674,-53.0445529725
25444472236.1181,-52.8964819537
25449474737.3687,-52.8731664402
25454477238.6193,-52.7256099963
25459479739.8699,-52.6769978158
25464482241.1206,-52.6527778625
25469484742.3712,-52.5494593518
25474487243.6218,-52.4260713102
25479489744.8724,-52.392219071
25484492246.1231,-52.3777307117
25489494747.3737,-52.2885002818
25494497248.6243,-52.2458289502
25499499749.8749,-52.1575090322
25504502251.1256,-52.1624398825
25509504752.3762,-52.0566786383
25514507253.6268,-52.0339879427
25519509754.8774,-51.9813163088
25524512256.1281,-51.9806805913
25529514757.3787,-51.9446251031
25534517258.6293,-51.937055545
25539519759.8799,-51.9359237522
25544522261.1306,-52.015398668
25549524762.3812,-52.099897137
25554527263.6318,-52.1931223507
25559529764.8824,-52.2752330657
25564532266.1331,-52.3714994205
25569534767.3837,-52.5445788784
25574537268.6343,-52.5630619557
25579539769.8849,-52.6435728528
25584542271.1356,-52.6934484825
25589544772.3862,-52.7977434532
25594547273.6368,-52.8382260414
25599549774.8874,-52.9343961336
25604552276.1381,-53.0647845318
25609554777.3887,-53.1480133304
25614557278.6393,-53.2496030844
25619559779.8899,-53.3744242018
25624562281.1406,-53.4340672167
25629564782.3912,-53.5795770333
25634567283.6418,-53.661981185
25639569784.8924,-53.7048864786
25644572286.1431,-53.7644145666
25649574787.3937,-53.7725771217
25654577288.6443,-53.7726848326
25659579789.8949,-53.7520255867
25664582291.1456,-53.7240892629
25669584792.3962,-53.7066240143
25674587293.6468,-53.7210276714
25679589794.8974,-53.6854942644
25684592296.1481,-53.7466348219
25689594797.3987,-53.6752929848
25694597298.6493,-53.778229701
25699599799.8999,-53.7894529408
25704602301.1506,-53.8281299
25709604802.4012,-53.8511837447
25714607303.6518,-53.8792378291
25719609804.9025,-53.8994062632
25724612306.1531,-53.9981865523
25729614807.4037,-53.8701369109
25734617308.6543,-53.8461195225
25739619809.905,-53.9251532283
25744622311.1556,-53.8713877241
25749624812.4062,-53.9412991971
25754627313.6568,-53.9595002857
25759629814.9075,-54.0142302169
25764632316.1581,-54.0715692225
25769634817.4087,-54.1712962476
25774637318.6593,-54.2334227114
25779639819.91,-54.29981343
25784642321.1606,-54.3040058126
25789644822.4112,-54.3408652548
25794647323.6618,-54.4767963684
25799649824.9125,-54.5272287196
25804652326.1631,-54.6030726256
25809654827.4137,-54.6557822514
25814657328.6643,-54.7616043617
25819659829.915,-54.848341021
25824662331.1656,-54.8868068093
25829664832.4162,-54.9560282762
25834667333.6668,-54.9579430117
25839669834.9175,-55.0000307252
25844672336.1681,-55.034501673
25849674837.4187,-55.0543133612
25854677338.6693,-55.0526386097
25859679839.92,-55.1093714721
25864682341.1706,-55.0832020548
25869684842.4212,-55.0707869828
25874687343.6718,-55.0359854947
25879689844.9225,-55.0525144337
25884692346.1731,-55.0926681912
25889694847.4237,-55.1320656173
25894697348.6743,-55.1331468067
25899699849.925,-55.1702507403
25904702351.1756,-55.2265854872
25909704852.4262,-55.2194384993
25914707353.6768,-55.2064087355
25919709854.9275,-55.1978931022
25924712356.1781,-55.2494564915
25929714857.4287,-55.1882534365
25934717358.6793,-55.128275979
25939719859.93,-55.1541076746
25944722361.1806,-55.0398715144
25949724862.4312,-54.9819331196
25954727363.6818,-54.9233486809
25959729864.9325,-54.877472343
25964732366.1831,-54.788498143
25969734867.4337,-54.6877937356
25974737368.6843,-54.6023269908
25979739869.935,-54.5796238151
25984742371.1856,-54.523312395
25989744872.4362,-54.4915386598
25994747373.6868,-54.4751307507
25999749874.9375,-54.4379233083
26004752376.1881,-54.3163897608
26009754877.4387,-54.2606954909
26014757378.6893,-54.2114004998
26019759879.94,-54.078730249
26024762381.1906,-53.9150475065
26029764882.4412,-53.8058295276
26034767383.6918,-53.6553605528
26039769884.9425,-53.5317320506
26044772386.1931,-53.3373002025
26049774887.4437,-53.1952057214
26054777388.6943,-53.0902080535
26059779889.945,-53.0602590856
26064782391.1956,-52.951783312
26069784892.4462,-52.9440199727
26074787393.6968,-52.923291395
26079789894.9475,-52.9405989743
26084792396.1981,-52.9765807085
26089794897.4487,-52.8705658977
26094797398.6993,-52.7678507522
26099799899.95,-52.6884475867
26104802401.2006,-52.621158345
26109804902.4512,-52.4760503896
26114807403.7019,-52.357610126
26119809904.9525,-52.2362411495
26124812406.2031,-51.9962126565
26129814907.4537,-51.8392812576
26134817408.7044,-51.7058684701
26139819909.955,-51.5591272072
26144822411.2056,-51.5137238877
26149824912.4562,-51.46117152
26154827413.7069,-51.4331881336
26159829914.9575,-51.3642732201
26164832416.2081,-51.4274984734
26169834917.4587,-51.3999346929
26174837418.7094,-51.4151932667
26179839919.96,-51.4496338953
26184842421.2106,-51.4333208502
26189844922.4612,-51.3813508269
26194847423.7119,-51.3524710776
26199849924.9625,-51.2413920942
26204852426.2131,-51.1436463627
26209854927.4637,-51.0951185138
26214857428.7144,-50.972130552
26219859929.965,-50.9961879062
26224862431.2156,-50.9791763636
26229864932.4662,-51.0588669381
26234867433.7169,-51.1133916577
26239869934.9675,-51.3384182175
26244872436.2181,-51.4951505785
26249874937.4687,-51.8300165631
26254877438.7194,-52.0746960078
26259879939.97,-52.3193269827
26264882441.2206,-52.5443024519
26269884942.4712,-52.6806428563
26274887443.7219,-52.8239325343
26279889944.9725,-52.8923789981
26284892446.2231,-52.9119432271
26289894947.4737,-52.8887233537
26294897448.7244,-52.8603174266
26299899949.975,-52.7412169497
26304902451.2256,-52.7290816843
26309904952.4762,-52.6028667096
26314907453.7269,-52.6664828233
26319909954.9775,-52.7253973443
26324912456.2281,-52.7283444852
26329914957.4787,-52.7497419121
26334917458.7294,-52.9390258626
26339919959.98,-53.1002725629
26344922461.2306,-53.2650646636
26349924962.4812,-53.4215211278
26354927463.7319,-53.6393433521
26359929964.9825,-53.7103822048
26364932466.2331,-53.795002603
26369934967.4837,-53.88772247
26374937468.7344,-53.908790318
26379939969.985,-54.0082897299
26384942471.2356,-54.0384023605
26389944972.4862,-53.9772654699
26394947473.7369,-53.9509010435
26399949974.9875,-53.8937338005
26404952476.2381,-53.8545701616
26409954977.4887,-53.833096342
26414957478.7394,-53.8171951057
26419959979.99,-53.77814123
26424962481.2406,-53.8000315365
26429964982.4912,-53.8683343598
26434967483.7419,-53.8511826967
26439969984.9925,-53.8589815815
26444972486.2431,-53.9860222023
26449974987.4937,-54.0653486993
26454977488.7444,-54.0645385903
26459979989.995,-54.124927128
26464982491.2456,-54.0915569656
26469984992.4962,-54.0881170041
26474987493.7469,-54.0757728167
26479989994.9975,-54.0687837241
26484992496.2481,-53.987894003
26489994997.4987,-53.9070148079
26494997498.7494,-53.8798314987
26500000000,-53.8518799744
